{"type":"FeatureCollection","metadata":{"source":"Natural Earth 1:50m Admin 0 \u2013 Countries","note":"Public-domain Natural Earth subset for GridDefence neutral-mode context.","window":[92.0,-10.0,122.0,16.0]},"features":[{"type":"Feature","properties":{"name":"Vietnam"},"geometry":{"type":"MultiPolygon","coordinates":[[[[104.064,10.391],[104.083,10.341],[104.076,10.225],[104.037,10.111],[104.048,10.061],[104.018,10.029],[103.952,10.243],[103.868,10.335],[103.85,10.371],[103.898,10.369],[103.986,10.427],[104.028,10.428],[104.064,10.391]]],[[[107.973,21.508],[107.926,21.499],[107.809,21.497],[107.707,21.406],[107.637,21.368],[107.527,21.336],[107.41,21.285],[107.376,21.194],[107.373,21.128],[107.354,21.055],[107.165,20.949],[107.112,20.96],[107.075,20.999],[107.019,20.991],[106.981,20.971],[106.936,20.974],[106.886,20.95],[106.821,20.958],[106.76,20.991],[106.725,21.0],[106.683,21.0],[106.675,20.96],[106.737,20.806],[106.753,20.735],[106.551,20.527],[106.573,20.392],[106.518,20.289],[106.396,20.206],[106.166,19.992],[106.062,19.987],[105.984,19.939],[105.814,19.587],[105.812,19.467],[105.785,19.379],[105.791,19.294],[105.716,19.128],[105.639,19.057],[105.622,18.966],[105.732,18.779],[105.744,18.746],[105.808,18.646],[105.839,18.574],[105.888,18.502],[106.066,18.316],[106.145,18.259],[106.24,18.221],[106.412,18.053],[106.499,17.946],[106.459,17.874],[106.479,17.72],[106.356,17.765],[106.371,17.747],[106.517,17.663],[106.736,17.367],[106.926,17.221],[107.12,17.056],[107.18,16.898],[107.355,16.794],[107.549,16.643],[107.541,16.609],[107.593,16.568],[107.724,16.488],[107.803,16.403],[107.834,16.322],[107.882,16.31],[107.936,16.329],[107.991,16.337],[108.029,16.331],[108.088,16.243],[108.17,16.164],[108.209,16.091],[108.241,16.101],[108.267,16.09],[108.274,16.029],[108.286,15.989],[108.395,15.872],[108.447,15.763],[108.578,15.585],[108.674,15.484],[108.743,15.427],[108.821,15.378],[108.898,15.181],[108.94,15.001],[109.022,14.803],[109.085,14.716],[109.087,14.553],[109.137,14.384],[109.191,14.27],[109.207,14.154],[109.224,14.097],[109.245,14.053],[109.303,13.856],[109.288,13.765],[109.247,13.855],[109.252,13.591],[109.288,13.451],[109.272,13.279],[109.31,13.219],[109.377,13.025],[109.424,12.956],[109.42,12.719],[109.445,12.6],[109.381,12.671],[109.336,12.752],[109.274,12.709],[109.219,12.646],[109.305,12.391],[109.207,12.415],[109.216,12.073],[109.256,11.993],[109.259,11.955],[109.247,11.909],[109.22,11.959],[109.215,12.01],[109.199,11.999],[109.2,11.972],[109.167,11.912],[109.158,11.837],[109.193,11.773],[109.199,11.725],[109.173,11.665],[109.133,11.601],[109.04,11.593],[109.018,11.468],[108.987,11.336],[108.821,11.315],[108.7,11.199],[108.551,11.156],[108.419,11.041],[108.272,10.934],[108.176,10.92],[108.095,10.897],[108.001,10.72],[107.845,10.7],[107.564,10.555],[107.47,10.486],[107.384,10.459],[107.262,10.398],[107.235,10.42],[107.194,10.472],[107.088,10.498],[107.036,10.556],[107.021,10.631],[107.007,10.661],[106.984,10.618],[106.966,10.441],[106.947,10.4],[106.902,10.383],[106.813,10.433],[106.727,10.536],[106.606,10.465],[106.643,10.456],[106.698,10.462],[106.741,10.444],[106.778,10.376],[106.776,10.339],[106.757,10.296],[106.644,10.289],[106.492,10.304],[106.464,10.298],[106.602,10.232],[106.729,10.193],[106.785,10.151],[106.785,10.116],[106.714,10.06],[106.659,9.991],[106.658,9.949],[106.657,9.901],[106.596,9.86],[106.557,9.868],[106.449,9.94],[106.136,10.222],[106.184,10.142],[106.507,9.821],[106.564,9.716],[106.572,9.641],[106.539,9.604],[106.484,9.559],[106.378,9.556],[106.204,9.675],[105.926,9.962],[105.831,10.001],[106.112,9.674],[106.159,9.594],[106.206,9.502],[106.193,9.448],[106.168,9.397],[105.501,9.093],[105.401,8.962],[105.322,8.801],[105.191,8.711],[105.114,8.629],[104.892,8.583],[104.77,8.598],[104.896,8.747],[104.819,8.802],[104.815,9.185],[104.845,9.606],[104.903,9.816],[104.987,9.869],[105.093,9.901],[105.095,9.945],[105.084,9.996],[105.028,10.067],[104.966,10.101],[104.873,10.115],[104.802,10.203],[104.748,10.199],[104.663,10.17],[104.613,10.208],[104.594,10.267],[104.516,10.34],[104.426,10.411],[104.467,10.422],[104.514,10.463],[104.564,10.516],[104.69,10.523],[104.815,10.521],[104.851,10.534],[104.901,10.59],[104.984,10.662],[105.046,10.702],[105.061,10.734],[105.036,10.809],[105.022,10.887],[105.046,10.911],[105.159,10.898],[105.284,10.861],[105.315,10.845],[105.387,10.94],[105.406,10.952],[105.453,10.951],[105.577,10.969],[105.698,10.994],[105.755,10.99],[105.811,10.926],[105.853,10.864],[105.875,10.858],[105.938,10.885],[105.99,10.852],[106.099,10.797],[106.164,10.795],[106.132,10.922],[106.168,11.012],[106.161,11.037],[106.1,11.079],[105.892,11.245],[105.856,11.294],[105.861,11.372],[105.854,11.487],[105.835,11.559],[105.838,11.601],[105.851,11.635],[105.89,11.648],[105.927,11.653],[105.956,11.682],[106.006,11.758],[106.103,11.751],[106.239,11.708],[106.34,11.682],[106.399,11.687],[106.412,11.698],[106.411,11.738],[106.418,11.912],[106.414,11.948],[106.5,11.966],[106.631,11.969],[106.7,11.979],[106.765,12.052],[106.931,12.077],[107.051,12.176],[107.159,12.277],[107.212,12.304],[107.28,12.322],[107.33,12.319],[107.393,12.26],[107.446,12.296],[107.506,12.365],[107.538,12.432],[107.555,12.54],[107.544,12.706],[107.512,12.836],[107.482,12.933],[107.475,13.03],[107.546,13.225],[107.605,13.438],[107.594,13.522],[107.529,13.654],[107.462,13.816],[107.389,13.993],[107.362,14.019],[107.343,14.069],[107.331,14.127],[107.36,14.308],[107.364,14.369],[107.448,14.451],[107.493,14.546],[107.535,14.65],[107.519,14.705],[107.514,14.817],[107.525,14.872],[107.505,14.916],[107.48,14.98],[107.496,15.021],[107.555,15.057],[107.59,15.118],[107.634,15.19],[107.653,15.255],[107.622,15.31],[107.564,15.392],[107.46,15.466],[107.339,15.56],[107.279,15.619],[107.233,15.678],[107.19,15.747],[107.166,15.802],[107.189,15.839],[107.361,15.922],[107.392,15.952],[107.41,15.998],[107.396,16.043],[107.35,16.067],[107.296,16.084],[107.217,16.136],[107.07,16.28],[107.002,16.312],[106.931,16.353],[106.893,16.397],[106.851,16.516],[106.832,16.526],[106.792,16.49],[106.74,16.453],[106.696,16.459],[106.656,16.493],[106.638,16.538],[106.594,16.6],[106.546,16.651],[106.534,16.821],[106.526,16.877],[106.502,16.954],[106.465,16.982],[106.426,17.003],[106.333,17.144],[106.27,17.217],[106.006,17.415],[105.974,17.447],[105.903,17.529],[105.779,17.644],[105.691,17.738],[105.627,17.834],[105.598,17.918],[105.588,17.984],[105.519,18.077],[105.458,18.154],[105.4,18.179],[105.333,18.19],[105.273,18.235],[105.163,18.339],[105.115,18.405],[105.086,18.45],[105.087,18.496],[105.113,18.573],[105.145,18.617],[105.146,18.651],[105.115,18.679],[104.993,18.728],[104.717,18.803],[104.613,18.861],[104.518,18.934],[104.446,18.984],[104.109,19.196],[104.006,19.231],[103.918,19.269],[103.892,19.305],[103.896,19.34],[103.932,19.366],[104.028,19.42],[104.063,19.483],[104.052,19.564],[104.013,19.646],[104.032,19.675],[104.063,19.678],[104.127,19.681],[104.26,19.685],[104.546,19.611],[104.588,19.619],[104.743,19.755],[104.802,19.836],[104.815,19.904],[104.846,19.947],[104.928,20.018],[104.929,20.083],[104.889,20.169],[104.848,20.202],[104.813,20.217],[104.699,20.205],[104.677,20.225],[104.662,20.289],[104.656,20.329],[104.619,20.375],[104.496,20.414],[104.392,20.425],[104.368,20.441],[104.408,20.486],[104.479,20.53],[104.533,20.555],[104.575,20.6],[104.583,20.647],[104.53,20.688],[104.461,20.734],[104.35,20.821],[104.195,20.914],[104.101,20.946],[104.052,20.941],[103.882,20.861],[103.791,20.81],[103.714,20.717],[103.635,20.697],[103.555,20.738],[103.464,20.78],[103.211,20.841],[103.104,20.892],[102.884,21.203],[102.851,21.266],[102.872,21.337],[102.888,21.44],[102.91,21.506],[102.949,21.57],[102.959,21.626],[102.95,21.681],[102.918,21.713],[102.876,21.722],[102.845,21.735],[102.816,21.807],[102.798,21.798],[102.771,21.71],[102.739,21.678],[102.695,21.662],[102.662,21.676],[102.641,21.711],[102.631,21.771],[102.61,21.852],[102.583,21.904],[102.487,21.958],[102.443,22.027],[102.301,22.178],[102.183,22.284],[102.127,22.379],[102.176,22.415],[102.237,22.466],[102.302,22.546],[102.376,22.647],[102.406,22.708],[102.428,22.733],[102.471,22.751],[102.517,22.741],[102.599,22.7],[102.721,22.648],[102.83,22.587],[102.874,22.525],[102.935,22.466],[102.982,22.448],[103.005,22.453],[103.076,22.498],[103.136,22.542],[103.138,22.593],[103.193,22.639],[103.266,22.714],[103.301,22.764],[103.327,22.77],[103.356,22.755],[103.471,22.597],[103.493,22.588],[103.525,22.612],[103.571,22.734],[103.62,22.782],[103.637,22.77],[103.915,22.538],[103.942,22.54],[103.971,22.55],[103.991,22.586],[104.013,22.666],[104.054,22.752],[104.143,22.8],[104.213,22.809],[104.238,22.769],[104.298,22.712],[104.372,22.704],[104.527,22.804],[104.578,22.82],[104.632,22.818],[104.687,22.822],[104.74,22.86],[104.796,22.911],[104.815,23.011],[104.827,23.1],[104.865,23.136],[104.91,23.161],[104.996,23.194],[105.189,23.281],[105.239,23.322],[105.275,23.345],[105.35,23.308],[105.44,23.235],[105.495,23.181],[105.531,23.122],[105.548,23.073],[105.691,23.03],[105.782,22.969],[105.843,22.923],[105.903,22.925],[105.962,22.937],[106.001,22.975],[106.068,22.976],[106.148,22.97],[106.184,22.955],[106.249,22.869],[106.279,22.857],[106.338,22.863],[106.451,22.894],[106.542,22.908],[106.624,22.874],[106.78,22.779],[106.736,22.711],[106.702,22.638],[106.633,22.586],[106.582,22.573],[106.55,22.501],[106.536,22.395],[106.554,22.342],[106.593,22.325],[106.637,22.289],[106.654,22.241],[106.66,22.136],[106.658,22.018],[106.664,21.979],[106.698,21.986],[106.729,22.0],[106.794,21.982],[106.875,21.951],[106.925,21.92],[106.971,21.924],[107.006,21.893],[107.02,21.835],[107.062,21.794],[107.179,21.717],[107.272,21.711],[107.351,21.609],[107.433,21.642],[107.471,21.598],[107.641,21.614],[107.759,21.655],[107.802,21.645],[107.908,21.56],[107.973,21.508]]],[[[106.617,8.683],[106.589,8.681],[106.568,8.701],[106.659,8.766],[106.65,8.723],[106.653,8.701],[106.617,8.683]]],[[[107.168,10.397],[107.084,10.337],[107.078,10.387],[107.151,10.42],[107.177,10.446],[107.195,10.446],[107.168,10.397]]]]}},{"type":"Feature","properties":{"name":"Thailand"},"geometry":{"type":"MultiPolygon","coordinates":[[[[102.606,11.677],[102.59,11.572],[102.533,11.615],[102.546,11.668],[102.569,11.692],[102.606,11.677]]],[[[102.427,11.989],[102.43,11.965],[102.378,11.983],[102.36,11.974],[102.302,11.981],[102.273,12.119],[102.277,12.152],[102.319,12.142],[102.378,12.073],[102.408,12.025],[102.427,11.989]]],[[[98.409,7.902],[98.398,7.828],[98.357,7.829],[98.316,7.782],[98.296,7.776],[98.262,7.926],[98.301,8.136],[98.322,8.166],[98.351,8.111],[98.435,8.086],[98.399,7.965],[98.409,7.902]]],[[[100.122,20.317],[100.115,20.258],[100.14,20.245],[100.174,20.273],[100.218,20.34],[100.266,20.377],[100.318,20.386],[100.373,20.34],[100.432,20.241],[100.492,20.184],[100.52,20.178],[100.54,20.132],[100.543,20.089],[100.515,19.996],[100.466,19.889],[100.398,19.756],[100.42,19.644],[100.514,19.553],[100.625,19.5],[100.744,19.515],[100.807,19.542],[100.858,19.585],[100.906,19.605],[100.967,19.611],[101.155,19.579],[101.212,19.548],[101.221,19.487],[101.198,19.328],[101.227,19.212],[101.28,19.089],[101.286,18.977],[101.221,18.793],[101.166,18.618],[101.106,18.534],[101.06,18.479],[101.047,18.442],[101.051,18.407],[101.093,18.355],[101.138,18.287],[101.149,18.222],[101.144,18.143],[101.113,18.034],[100.999,17.797],[100.908,17.584],[100.956,17.541],[101.046,17.51],[101.105,17.48],[101.167,17.499],[101.3,17.625],[101.414,17.719],[101.555,17.812],[101.564,17.821],[101.688,17.889],[101.744,17.953],[101.775,18.033],[101.819,18.065],[101.875,18.046],[101.947,18.081],[102.035,18.17],[102.101,18.211],[102.148,18.204],[102.232,18.149],[102.352,18.046],[102.459,17.985],[102.553,17.965],[102.598,17.927],[102.596,17.87],[102.617,17.833],[102.661,17.818],[102.68,17.824],[102.675,17.852],[102.718,17.892],[102.807,17.946],[102.899,17.977],[102.991,17.986],[103.051,18.029],[103.091,18.138],[103.149,18.222],[103.2,18.259],[103.263,18.278],[103.28,18.305],[103.249,18.339],[103.252,18.373],[103.288,18.408],[103.367,18.423],[103.488,18.418],[103.63,18.383],[103.792,18.317],[103.899,18.295],[103.95,18.319],[104.049,18.217],[104.196,17.988],[104.323,17.816],[104.428,17.699],[104.539,17.609],[104.656,17.547],[104.74,17.462],[104.816,17.3],[104.759,17.077],[104.744,16.884],[104.751,16.648],[104.819,16.466],[104.95,16.34],[105.026,16.238],[105.047,16.16],[105.149,16.094],[105.331,16.038],[105.406,15.987],[105.376,15.942],[105.373,15.89],[105.399,15.83],[105.462,15.78],[105.562,15.741],[105.622,15.7],[105.641,15.657],[105.639,15.586],[105.616,15.488],[105.574,15.413],[105.513,15.361],[105.506,15.32],[105.49,15.257],[105.49,15.128],[105.533,15.042],[105.547,14.932],[105.523,14.843],[105.5,14.661],[105.497,14.591],[105.476,14.53],[105.423,14.472],[105.342,14.417],[105.244,14.368],[105.183,14.346],[105.169,14.336],[105.126,14.281],[105.074,14.227],[105.034,14.227],[105.003,14.254],[104.982,14.289],[104.97,14.366],[104.879,14.404],[104.779,14.428],[104.576,14.39],[104.412,14.37],[104.228,14.396],[104.054,14.363],[103.982,14.358],[103.899,14.363],[103.818,14.362],[103.742,14.374],[103.6,14.421],[103.546,14.417],[103.432,14.379],[103.313,14.351],[103.199,14.333],[103.031,14.253],[102.909,14.137],[102.873,14.055],[102.813,13.972],[102.729,13.842],[102.62,13.717],[102.545,13.66],[102.566,13.626],[102.547,13.586],[102.429,13.568],[102.336,13.56],[102.32,13.54],[102.331,13.288],[102.363,13.193],[102.423,13.078],[102.462,13.015],[102.491,12.828],[102.5,12.67],[102.63,12.57],[102.703,12.494],[102.756,12.426],[102.737,12.383],[102.706,12.256],[102.737,12.09],[102.918,11.732],[102.934,11.707],[102.912,11.704],[102.884,11.773],[102.792,11.889],[102.763,12.012],[102.655,12.149],[102.594,12.203],[102.575,12.158],[102.54,12.109],[102.434,12.179],[102.343,12.253],[102.259,12.394],[102.248,12.361],[102.23,12.332],[102.134,12.443],[102.034,12.532],[101.945,12.564],[101.889,12.593],[101.836,12.64],[101.724,12.689],[101.445,12.619],[101.09,12.674],[100.954,12.621],[100.898,12.654],[100.863,12.715],[100.896,12.818],[100.904,13.035],[100.946,13.187],[100.926,13.303],[100.947,13.358],[100.963,13.432],[100.907,13.462],[100.656,13.521],[100.603,13.568],[100.536,13.514],[100.236,13.484],[100.122,13.44],[100.017,13.353],[99.991,13.243],[100.051,13.171],[100.09,13.046],[99.982,12.771],[99.964,12.69],[100.006,12.355],[99.989,12.171],[99.93,12.047],[99.837,11.937],[99.799,11.749],[99.725,11.662],[99.627,11.463],[99.561,11.215],[99.514,11.101],[99.487,10.89],[99.285,10.569],[99.237,10.388],[99.165,10.32],[99.19,10.266],[99.195,10.175],[99.169,9.934],[99.161,9.734],[99.191,9.627],[99.288,9.415],[99.265,9.353],[99.254,9.265],[99.335,9.225],[99.394,9.214],[99.724,9.314],[99.836,9.288],[99.878,9.195],[99.905,9.113],[99.961,8.671],[99.99,8.589],[100.056,8.511],[100.129,8.428],[100.154,8.443],[100.159,8.474],[100.163,8.508],[100.229,8.425],[100.279,8.269],[100.454,7.442],[100.504,7.337],[100.545,7.227],[100.439,7.281],[100.411,7.464],[100.38,7.542],[100.343,7.553],[100.284,7.552],[100.28,7.584],[100.324,7.644],[100.317,7.716],[100.257,7.775],[100.158,7.728],[100.161,7.599],[100.205,7.501],[100.371,7.28],[100.424,7.188],[100.49,7.161],[100.586,7.176],[100.702,7.082],[100.793,6.995],[101.018,6.861],[101.154,6.875],[101.302,6.908],[101.401,6.9],[101.498,6.865],[101.614,6.754],[101.799,6.475],[102.101,6.242],[102.068,6.185],[102.055,6.097],[101.936,5.979],[101.917,5.911],[101.874,5.825],[101.791,5.779],[101.72,5.771],[101.678,5.779],[101.65,5.796],[101.601,5.877],[101.577,5.902],[101.556,5.908],[101.404,5.852],[101.257,5.789],[101.23,5.734],[101.191,5.669],[101.148,5.643],[101.114,5.637],[101.082,5.675],[101.025,5.725],[100.982,5.771],[100.993,5.846],[101.076,5.956],[101.087,6.034],[101.076,6.166],[101.054,6.243],[101.029,6.245],[100.989,6.258],[100.874,6.245],[100.817,6.332],[100.794,6.426],[100.754,6.46],[100.716,6.481],[100.629,6.448],[100.564,6.468],[100.345,6.55],[100.261,6.683],[100.217,6.687],[100.177,6.672],[100.161,6.642],[100.138,6.489],[100.119,6.442],[99.869,6.75],[99.696,6.877],[99.72,7.106],[99.668,7.151],[99.602,7.155],[99.553,7.219],[99.597,7.356],[99.529,7.329],[99.435,7.334],[99.359,7.372],[99.3,7.561],[99.264,7.619],[99.183,7.718],[99.078,7.718],[99.043,7.766],[99.051,7.888],[98.974,7.963],[98.872,8.024],[98.789,8.06],[98.704,8.257],[98.636,8.305],[98.579,8.344],[98.5,8.318],[98.474,8.247],[98.421,8.178],[98.361,8.187],[98.305,8.226],[98.238,8.423],[98.227,8.544],[98.242,8.768],[98.326,8.969],[98.371,9.291],[98.443,9.493],[98.493,9.561],[98.562,9.838],[98.703,10.19],[98.718,10.266],[98.747,10.351],[98.768,10.431],[98.775,10.557],[98.757,10.624],[98.757,10.661],[98.787,10.708],[98.887,10.788],[99.025,10.92],[99.19,11.105],[99.359,11.389],[99.443,11.554],[99.478,11.613],[99.515,11.631],[99.573,11.687],[99.612,11.75],[99.615,11.781],[99.523,12.09],[99.463,12.19],[99.432,12.309],[99.416,12.395],[99.394,12.474],[99.405,12.548],[99.372,12.594],[99.297,12.653],[99.22,12.74],[99.174,12.882],[99.174,12.961],[99.124,13.031],[99.107,13.104],[99.137,13.173],[99.176,13.233],[99.172,13.497],[99.156,13.576],[99.137,13.717],[99.086,13.823],[99.015,13.947],[98.934,14.05],[98.721,14.236],[98.57,14.36],[98.495,14.473],[98.4,14.603],[98.332,14.696],[98.246,14.815],[98.202,14.976],[98.178,15.147],[98.191,15.204],[98.232,15.241],[98.286,15.272],[98.329,15.279],[98.452,15.357],[98.537,15.351],[98.557,15.368],[98.565,15.404],[98.554,15.56],[98.558,15.769],[98.574,15.939],[98.592,16.051],[98.818,16.181],[98.866,16.237],[98.888,16.298],[98.888,16.352],[98.869,16.394],[98.835,16.418],[98.689,16.305],[98.661,16.33],[98.594,16.515],[98.565,16.571],[98.523,16.638],[98.478,16.732],[98.471,16.895],[98.439,16.976],[98.257,17.148],[98.175,17.24],[98.063,17.373],[97.929,17.533],[97.793,17.681],[97.729,17.776],[97.706,17.797],[97.699,17.834],[97.74,17.935],[97.72,18.037],[97.652,18.174],[97.622,18.258],[97.632,18.29],[97.599,18.303],[97.524,18.296],[97.451,18.36],[97.381,18.494],[97.374,18.518],[97.397,18.518],[97.485,18.494],[97.515,18.498],[97.577,18.529],[97.672,18.561],[97.728,18.572],[97.746,18.588],[97.754,18.621],[97.706,18.932],[97.714,18.996],[97.804,19.13],[97.794,19.266],[97.817,19.46],[97.916,19.593],[97.991,19.654],[98.015,19.75],[98.049,19.77],[98.111,19.762],[98.239,19.691],[98.294,19.687],[98.371,19.689],[98.455,19.694],[98.494,19.701],[98.761,19.771],[98.82,19.778],[98.876,19.77],[98.917,19.773],[98.958,19.805],[98.987,19.861],[99.021,20.042],[99.04,20.074],[99.074,20.099],[99.131,20.117],[99.197,20.115],[99.284,20.08],[99.338,20.079],[99.399,20.093],[99.452,20.118],[99.486,20.15],[99.502,20.188],[99.487,20.261],[99.448,20.352],[99.459,20.363],[99.532,20.343],[99.639,20.32],[99.72,20.325],[99.773,20.341],[99.825,20.384],[99.89,20.424],[99.954,20.415],[100.004,20.38],[100.122,20.317]]],[[[100.074,9.697],[100.064,9.68],[100.026,9.712],[99.998,9.748],[99.983,9.794],[100.043,9.792],[100.073,9.749],[100.074,9.697]]],[[[100.071,9.586],[100.075,9.529],[100.054,9.461],[99.962,9.422],[99.931,9.476],[99.94,9.56],[99.954,9.581],[100.043,9.577],[100.071,9.586]]],[[[99.663,6.522],[99.644,6.516],[99.607,6.597],[99.654,6.714],[99.701,6.571],[99.663,6.522]]],[[[98.592,7.934],[98.58,7.917],[98.529,8.109],[98.604,8.057],[98.592,7.934]]],[[[98.308,9.051],[98.251,9.041],[98.258,9.095],[98.274,9.13],[98.301,9.139],[98.312,9.08],[98.308,9.051]]],[[[99.078,7.592],[99.104,7.471],[99.068,7.496],[99.038,7.548],[99.038,7.626],[99.045,7.637],[99.078,7.592]]]]}},{"type":"Feature","properties":{"name":"Singapore"},"geometry":{"type":"Polygon","coordinates":[[[103.97,1.331],[103.82,1.265],[103.65,1.326],[103.705,1.423],[103.818,1.447],[103.909,1.416],[103.961,1.392],[103.996,1.365],[103.97,1.331]]]}},{"type":"Feature","properties":{"name":"Philippines"},"geometry":{"type":"MultiPolygon","coordinates":[[[[121.102,18.615],[121.254,18.563],[121.593,18.376],[121.717,18.33],[121.846,18.295],[121.948,18.285],[122.038,18.328],[122.077,18.372],[122.147,18.487],[122.221,18.501],[122.266,18.459],[122.3,18.403],[122.315,18.32],[122.294,18.234],[122.223,18.157],[122.179,18.064],[122.151,17.756],[122.152,17.664],[122.175,17.576],[122.237,17.435],[122.269,17.395],[122.362,17.345],[122.388,17.307],[122.393,17.238],[122.408,17.178],[122.468,17.155],[122.519,17.125],[122.5,17.058],[122.468,16.99],[122.426,16.823],[122.226,16.435],[122.214,16.352],[122.135,16.185],[121.975,16.158],[121.789,16.077],[121.685,16.015],[121.595,15.933],[121.561,15.827],[121.59,15.778],[121.609,15.726],[121.607,15.67],[121.579,15.623],[121.49,15.51],[121.452,15.417],[121.412,15.375],[121.392,15.324],[121.399,15.267],[121.435,15.216],[121.544,14.999],[121.661,14.79],[121.686,14.765],[121.695,14.737],[121.627,14.682],[121.628,14.581],[121.649,14.481],[121.752,14.234],[121.767,14.168],[121.8,14.114],[121.853,14.063],[121.912,14.02],[122.08,13.947],[122.144,13.933],[122.212,13.93],[122.228,13.979],[122.287,13.996],[122.274,14.045],[122.203,14.112],[122.2,14.148],[122.237,14.175],[122.283,14.191],[122.384,14.264],[122.491,14.322],[122.627,14.318],[122.761,14.285],[122.856,14.251],[122.934,14.188],[123.015,14.08],[123.071,13.96],[123.071,13.903],[123.057,13.845],[123.06,13.789],[123.102,13.75],[123.231,13.747],[123.297,13.836],[123.305,13.937],[123.259,13.975],[123.28,14.025],[123.32,14.062],[123.377,14.029],[123.432,13.966],[123.633,13.898],[123.684,13.897],[123.726,13.884],[123.816,13.837],[123.858,13.8],[123.806,13.722],[123.607,13.704],[123.55,13.646],[123.608,13.528],[123.704,13.432],[123.765,13.354],[123.819,13.269],[123.817,13.192],[123.785,13.111],[123.873,13.117],[123.955,13.1],[124.069,13.032],[124.105,13.025],[124.143,13.036],[124.137,12.791],[124.06,12.567],[123.962,12.595],[123.878,12.69],[123.895,12.805],[123.949,12.916],[123.918,12.94],[123.864,12.931],[123.802,12.906],[123.736,12.897],[123.627,12.912],[123.402,13.033],[123.311,13.044],[123.29,13.099],[123.296,13.216],[123.206,13.354],[123.192,13.403],[123.163,13.442],[122.896,13.592],[122.863,13.617],[122.781,13.737],[122.595,13.908],[122.543,13.925],[122.486,13.93],[122.468,13.887],[122.494,13.82],[122.504,13.763],[122.5,13.703],[122.508,13.657],[122.596,13.562],[122.609,13.517],[122.668,13.395],[122.675,13.253],[122.6,13.194],[122.515,13.26],[122.513,13.314],[122.498,13.364],[122.407,13.493],[122.377,13.521],[122.205,13.648],[122.073,13.788],[121.778,13.938],[121.743,13.946],[121.692,13.935],[121.643,13.916],[121.501,13.842],[121.451,13.791],[121.446,13.712],[121.344,13.649],[121.204,13.64],[121.096,13.679],[121.006,13.758],[120.932,13.762],[120.841,13.885],[120.729,13.901],[120.637,13.804],[120.617,13.995],[120.617,14.188],[120.643,14.244],[120.688,14.291],[120.922,14.493],[120.952,14.558],[120.941,14.645],[120.888,14.716],[120.804,14.759],[120.708,14.777],[120.638,14.816],[120.584,14.881],[120.547,14.766],[120.583,14.595],[120.589,14.483],[120.556,14.441],[120.496,14.44],[120.439,14.453],[120.396,14.493],[120.365,14.608],[120.284,14.684],[120.251,14.793],[120.214,14.809],[120.138,14.8],[120.082,14.851],[120.045,14.978],[120.037,15.115],[120.005,15.229],[119.959,15.34],[119.933,15.431],[119.892,15.838],[119.881,15.875],[119.86,15.906],[119.808,15.952],[119.769,16.008],[119.762,16.055],[119.773,16.255],[119.79,16.303],[119.831,16.327],[119.886,16.287],[119.93,16.239],[119.985,16.215],[120.033,16.185],[120.124,16.066],[120.16,16.048],[120.271,16.051],[120.337,16.066],[120.369,16.11],[120.389,16.161],[120.389,16.222],[120.325,16.4],[120.305,16.529],[120.304,16.645],[120.321,16.762],[120.409,16.956],[120.42,17.09],[120.412,17.27],[120.427,17.377],[120.425,17.438],[120.372,17.535],[120.358,17.638],[120.505,18.163],[120.551,18.264],[120.584,18.369],[120.6,18.508],[120.709,18.546],[120.814,18.603],[120.868,18.599],[120.925,18.585],[121.051,18.614],[121.102,18.615]]],[[[117.311,8.44],[117.219,8.367],[117.229,8.457],[117.256,8.541],[117.35,8.714],[117.418,8.767],[117.53,8.903],[117.593,8.968],[117.745,9.098],[117.885,9.241],[117.932,9.251],[117.983,9.253],[118.024,9.27],[118.115,9.347],[118.344,9.603],[118.533,9.794],[118.728,10.035],[118.82,10.105],[118.845,10.131],[119.024,10.354],[119.08,10.386],[119.143,10.409],[119.186,10.439],[119.224,10.477],[119.287,10.574],[119.313,10.687],[119.297,10.751],[119.261,10.845],[119.306,10.974],[119.341,11.033],[119.465,11.294],[119.501,11.346],[119.553,11.314],[119.56,11.267],[119.535,11.157],[119.533,11.102],[119.562,11.046],[119.527,10.953],[119.616,10.707],[119.684,10.552],[119.687,10.5],[119.595,10.407],[119.541,10.379],[119.422,10.354],[119.369,10.327],[119.285,10.252],[119.232,10.152],[119.219,10.101],[119.192,10.061],[118.949,9.993],[118.835,9.949],[118.782,9.916],[118.755,9.862],[118.774,9.767],[118.57,9.423],[118.504,9.333],[118.435,9.256],[118.35,9.201],[118.229,9.168],[118.134,9.101],[118.069,8.984],[117.99,8.877],[117.889,8.798],[117.78,8.729],[117.68,8.678],[117.572,8.642],[117.54,8.596],[117.517,8.538],[117.469,8.511],[117.412,8.496],[117.311,8.44]]],[[[122.496,11.615],[122.613,11.564],[122.726,11.608],[122.838,11.596],[122.931,11.529],[122.901,11.487],[122.895,11.441],[123.103,11.541],[123.158,11.536],[123.156,11.443],[123.144,11.364],[123.12,11.287],[123.075,11.197],[123.017,11.117],[122.939,11.058],[122.847,11.022],[122.803,10.99],[122.789,10.941],[122.791,10.88],[122.77,10.824],[122.673,10.801],[122.522,10.692],[122.198,10.623],[122.109,10.576],[122.052,10.514],[121.988,10.458],[121.954,10.444],[121.938,10.471],[121.934,10.494],[121.98,10.639],[121.972,10.699],[121.95,10.757],[121.964,10.872],[122.021,10.979],[122.051,11.097],[122.06,11.326],[122.104,11.643],[122.101,11.681],[122.067,11.724],[121.941,11.758],[121.891,11.791],[121.916,11.854],[121.964,11.897],[122.029,11.895],[122.087,11.855],[122.291,11.772],[122.399,11.702],[122.496,11.615]]],[[[120.704,13.479],[120.755,13.471],[120.915,13.501],[120.981,13.486],[121.025,13.429],[121.079,13.411],[121.122,13.381],[121.203,13.432],[121.284,13.374],[121.357,13.265],[121.442,13.188],[121.523,13.131],[121.539,13.089],[121.49,13.02],[121.475,12.932],[121.48,12.837],[121.541,12.638],[121.519,12.584],[121.458,12.508],[121.412,12.423],[121.418,12.389],[121.4,12.361],[121.394,12.301],[121.357,12.313],[121.322,12.304],[121.289,12.277],[121.237,12.219],[121.155,12.236],[121.117,12.253],[121.108,12.304],[121.083,12.339],[121.049,12.36],[120.963,12.447],[120.922,12.512],[120.921,12.581],[120.899,12.646],[120.855,12.704],[120.796,12.748],[120.776,12.791],[120.769,12.841],[120.764,12.97],[120.68,13.131],[120.651,13.169],[120.573,13.209],[120.508,13.26],[120.481,13.311],[120.455,13.394],[120.438,13.405],[120.388,13.402],[120.338,13.412],[120.353,13.473],[120.401,13.517],[120.468,13.522],[120.653,13.498],[120.704,13.479]]],[[[126.006,9.321],[126.088,9.261],[126.193,9.277],[126.192,9.125],[126.209,9.081],[126.305,8.952],[126.32,8.845],[126.263,8.744],[126.22,8.696],[126.142,8.627],[126.14,8.596],[126.173,8.56],[126.282,8.539],[126.365,8.484],[126.38,8.327],[126.459,8.203],[126.457,8.149],[126.425,7.927],[126.435,7.833],[126.494,7.757],[126.544,7.725],[126.57,7.677],[126.593,7.547],[126.589,7.325],[126.582,7.248],[126.547,7.176],[126.439,7.012],[126.294,6.882],[126.217,6.891],[126.192,6.853],[126.24,6.734],[126.221,6.483],[126.189,6.31],[126.142,6.398],[126.11,6.49],[126.08,6.733],[126.043,6.843],[125.985,6.944],[125.962,7.033],[125.901,7.117],[125.824,7.333],[125.774,7.322],[125.689,7.263],[125.67,7.222],[125.66,7.161],[125.641,7.105],[125.542,7.017],[125.465,6.911],[125.401,6.796],[125.381,6.69],[125.433,6.607],[125.487,6.574],[125.565,6.5],[125.588,6.466],[125.671,6.225],[125.668,5.979],[125.608,5.87],[125.456,5.664],[125.346,5.599],[125.288,5.632],[125.241,5.757],[125.233,5.808],[125.265,5.926],[125.268,6.033],[125.232,6.07],[125.191,6.062],[125.174,6.047],[125.076,5.906],[125.035,5.871],[124.975,5.866],[124.927,5.875],[124.636,5.998],[124.399,6.12],[124.213,6.233],[124.078,6.404],[124.05,6.533],[124.048,6.667],[123.988,6.863],[123.981,6.93],[123.985,6.994],[124.045,7.114],[124.118,7.175],[124.158,7.219],[124.191,7.267],[124.213,7.332],[124.207,7.396],[124.182,7.437],[124.068,7.578],[123.968,7.665],[123.765,7.743],[123.717,7.785],[123.666,7.818],[123.609,7.832],[123.553,7.832],[123.493,7.808],[123.477,7.756],[123.482,7.71],[123.476,7.665],[123.391,7.408],[123.282,7.464],[123.178,7.529],[123.151,7.575],[123.139,7.63],[123.121,7.667],[123.097,7.7],[123.049,7.614],[122.99,7.546],[122.917,7.531],[122.843,7.529],[122.819,7.558],[122.792,7.722],[122.714,7.774],[122.616,7.763],[122.498,7.673],[122.474,7.639],[122.449,7.561],[122.32,7.34],[122.251,7.17],[122.176,7.004],[122.142,6.95],[122.098,6.914],[122.028,6.929],[121.964,6.968],[121.904,7.075],[121.925,7.2],[121.991,7.279],[122.047,7.364],[122.115,7.66],[122.12,7.765],[122.132,7.81],[122.243,7.945],[122.337,8.028],[122.387,8.046],[122.589,8.093],[122.673,8.133],[122.804,8.134],[122.911,8.156],[122.996,8.221],[123.003,8.287],[122.999,8.356],[123.018,8.398],[123.051,8.434],[123.096,8.481],[123.147,8.516],[123.293,8.541],[123.341,8.57],[123.38,8.616],[123.435,8.703],[123.499,8.682],[123.564,8.647],[123.68,8.621],[123.783,8.548],[123.849,8.433],[123.861,8.376],[123.877,8.189],[123.853,8.145],[123.753,8.058],[123.799,8.049],[123.931,8.128],[123.997,8.159],[124.159,8.201],[124.198,8.23],[124.226,8.271],[124.283,8.386],[124.325,8.508],[124.358,8.559],[124.405,8.6],[124.451,8.606],[124.622,8.523],[124.731,8.563],[124.762,8.69],[124.787,8.874],[124.806,8.924],[124.869,8.972],[124.944,8.957],[125.046,8.891],[125.141,8.869],[125.176,8.922],[125.21,9.027],[125.248,9.027],[125.376,8.992],[125.499,9.015],[125.533,9.141],[125.51,9.276],[125.414,9.669],[125.471,9.757],[125.521,9.759],[125.642,9.654],[125.877,9.513],[125.955,9.427],[126.006,9.321]]],[[[121.159,6.076],[121.214,6.004],[121.283,6.022],[121.392,6.002],[121.415,5.965],[121.411,5.94],[121.294,5.87],[121.218,5.943],[121.083,5.893],[121.019,5.923],[120.931,5.896],[120.876,5.953],[120.898,6.007],[121.038,6.096],[121.159,6.076]]],[[[117.08,7.883],[117.028,7.808],[116.97,7.895],[116.976,8.017],[116.994,8.051],[117.077,8.069],[117.08,7.883]]],[[[119.916,10.486],[119.793,10.455],[119.764,10.552],[119.852,10.64],[119.95,10.605],[120.008,10.57],[119.981,10.539],[119.916,10.486]]],[[[120.1,12.168],[120.155,12.152],[120.194,12.167],[120.228,12.22],[120.261,12.142],[120.341,12.077],[120.315,12.012],[120.243,12.005],[120.174,12.02],[120.1,11.994],[120.011,12.008],[119.957,12.069],[119.896,12.179],[119.866,12.199],[119.87,12.244],[119.892,12.273],[119.88,12.28],[119.886,12.3],[119.897,12.313],[119.916,12.319],[119.964,12.27],[120.078,12.198],[120.1,12.168]]],[[[120.039,11.703],[119.964,11.669],[119.945,11.691],[119.932,11.74],[119.933,11.774],[119.861,11.954],[119.916,11.981],[119.957,11.96],[119.998,11.932],[120.036,11.917],[120.071,11.861],[120.062,11.821],[120.073,11.783],[120.039,11.703]]],[[[120.25,5.257],[120.223,5.196],[120.192,5.168],[120.15,5.184],[120.118,5.215],[120.101,5.169],[120.013,5.151],[119.958,5.08],[119.878,5.06],[119.821,5.07],[119.827,5.133],[119.983,5.228],[120.08,5.264],[120.165,5.332],[120.208,5.34],[120.229,5.284],[120.25,5.257]]],[[[122.093,6.428],[121.991,6.415],[121.959,6.416],[121.88,6.518],[121.872,6.563],[121.809,6.614],[121.832,6.664],[121.915,6.676],[122.058,6.741],[122.288,6.639],[122.324,6.602],[122.252,6.58],[122.201,6.483],[122.093,6.428]]],[[[120.271,13.751],[120.273,13.683],[120.104,13.782],[120.099,13.817],[120.103,13.843],[120.121,13.858],[120.211,13.821],[120.271,13.751]]],[[[121.915,13.54],[121.977,13.537],[121.996,13.547],[122.115,13.463],[122.107,13.421],[122.122,13.365],[122.055,13.269],[122.042,13.236],[122.005,13.205],[121.876,13.282],[121.829,13.329],[121.815,13.424],[121.866,13.566],[121.915,13.54]]],[[[122.094,12.355],[122.014,12.106],[121.96,12.191],[121.982,12.245],[121.936,12.29],[121.923,12.331],[121.941,12.385],[121.989,12.435],[122.002,12.599],[122.104,12.651],[122.145,12.653],[122.13,12.613],[122.132,12.538],[122.094,12.355]]],[[[122.175,14.049],[122.172,14.008],[121.956,14.156],[121.946,14.181],[121.946,14.205],[121.959,14.229],[122.175,14.049]]],[[[122.033,15.005],[122.052,14.97],[122.032,14.972],[122.017,14.965],[121.97,14.893],[122.022,14.759],[121.99,14.662],[121.933,14.656],[121.911,14.667],[121.922,14.715],[121.935,14.737],[121.923,14.8],[121.889,14.84],[121.862,14.917],[121.82,14.964],[121.84,15.038],[121.972,15.046],[122.033,15.005]]],[[[119.861,11.525],[119.883,11.472],[119.855,11.393],[119.831,11.376],[119.799,11.409],[119.73,11.432],[119.726,11.475],[119.761,11.474],[119.827,11.515],[119.861,11.525]]],[[[117.355,8.215],[117.287,8.191],[117.272,8.254],[117.281,8.315],[117.33,8.308],[117.354,8.289],[117.355,8.215]]]]}},{"type":"Feature","properties":{"name":"Malaysia"},"geometry":{"type":"MultiPolygon","coordinates":[[[[100.119,6.442],[100.138,6.489],[100.161,6.642],[100.177,6.672],[100.217,6.687],[100.261,6.683],[100.345,6.55],[100.564,6.468],[100.629,6.448],[100.716,6.481],[100.754,6.46],[100.794,6.426],[100.817,6.332],[100.874,6.245],[100.989,6.258],[101.029,6.245],[101.054,6.243],[101.076,6.166],[101.087,6.034],[101.076,5.956],[100.993,5.846],[100.982,5.771],[101.025,5.725],[101.082,5.675],[101.114,5.637],[101.148,5.643],[101.191,5.669],[101.23,5.734],[101.257,5.789],[101.404,5.852],[101.556,5.908],[101.577,5.902],[101.601,5.877],[101.65,5.796],[101.678,5.779],[101.72,5.771],[101.791,5.779],[101.874,5.825],[101.917,5.911],[101.936,5.979],[102.055,6.097],[102.068,6.185],[102.101,6.242],[102.274,6.203],[102.34,6.172],[102.534,5.863],[102.79,5.645],[102.899,5.564],[102.982,5.525],[103.097,5.408],[103.197,5.262],[103.416,4.85],[103.454,4.669],[103.469,4.393],[103.421,3.977],[103.362,3.769],[103.373,3.671],[103.454,3.521],[103.429,3.379],[103.445,3.261],[103.439,2.933],[103.485,2.837],[103.537,2.775],[103.812,2.58],[103.832,2.508],[103.968,2.261],[104.219,1.723],[104.288,1.481],[104.28,1.416],[104.25,1.389],[104.176,1.365],[104.115,1.412],[104.094,1.446],[104.101,1.488],[104.076,1.53],[104.016,1.579],[103.981,1.624],[103.991,1.55],[103.992,1.455],[103.915,1.447],[103.817,1.477],[103.695,1.45],[103.55,1.333],[103.48,1.329],[103.427,1.43],[103.4,1.498],[103.357,1.546],[102.897,1.792],[102.727,1.856],[102.548,2.042],[102.146,2.248],[101.89,2.449],[101.781,2.574],[101.52,2.684],[101.407,2.813],[101.351,2.839],[101.296,2.885],[101.354,3.011],[101.33,3.142],[101.3,3.253],[101.115,3.472],[101.025,3.625],[100.851,3.777],[100.782,3.864],[100.715,3.966],[100.757,4.002],[100.796,4.023],[100.76,4.097],[100.661,4.226],[100.615,4.373],[100.615,4.652],[100.473,5.044],[100.353,5.588],[100.374,5.778],[100.343,5.984],[100.263,6.183],[100.158,6.324],[100.119,6.442]]],[[[117.574,4.171],[117.537,4.171],[117.451,4.193],[117.278,4.299],[117.101,4.337],[116.844,4.34],[116.698,4.355],[116.639,4.339],[116.589,4.338],[116.553,4.36],[116.515,4.371],[116.415,4.308],[116.368,4.327],[116.32,4.354],[116.236,4.363],[116.134,4.355],[116.022,4.291],[115.896,4.349],[115.861,4.348],[115.837,4.333],[115.782,4.254],[115.679,4.193],[115.628,4.082],[115.596,3.976],[115.568,3.939],[115.561,3.733],[115.545,3.634],[115.571,3.502],[115.566,3.446],[115.52,3.362],[115.514,3.342],[115.49,3.209],[115.499,3.173],[115.493,3.128],[115.454,3.034],[115.384,3.009],[115.31,2.994],[115.247,3.026],[115.19,2.974],[115.118,2.895],[115.086,2.841],[115.087,2.791],[115.094,2.758],[115.079,2.723],[115.077,2.687],[115.081,2.634],[115.13,2.612],[115.181,2.567],[115.179,2.523],[115.151,2.493],[115.087,2.446],[114.969,2.351],[114.836,2.269],[114.786,2.25],[114.768,2.213],[114.759,2.162],[114.788,2.052],[114.816,2.019],[114.831,1.98],[114.813,1.934],[114.8,1.894],[114.751,1.869],[114.704,1.851],[114.686,1.819],[114.661,1.686],[114.632,1.617],[114.567,1.514],[114.546,1.467],[114.513,1.452],[114.387,1.5],[114.275,1.471],[114.126,1.452],[114.0,1.455],[113.902,1.434],[113.835,1.38],[113.76,1.311],[113.682,1.261],[113.622,1.236],[113.513,1.308],[113.458,1.302],[113.359,1.327],[113.126,1.408],[113.069,1.432],[113.007,1.434],[112.988,1.457],[112.998,1.496],[112.988,1.548],[112.943,1.567],[112.476,1.559],[112.342,1.515],[112.251,1.48],[112.186,1.439],[112.167,1.338],[112.129,1.244],[112.079,1.143],[111.923,1.113],[111.809,1.012],[111.77,0.999],[111.691,1.014],[111.607,1.023],[111.547,0.994],[111.483,0.996],[111.287,1.043],[111.101,1.051],[110.996,1.026],[110.938,1.017],[110.615,0.878],[110.506,0.862],[110.461,0.882],[110.399,0.939],[110.315,0.996],[110.115,1.19],[110.041,1.236],[109.992,1.283],[109.945,1.338],[109.879,1.398],[109.818,1.439],[109.736,1.523],[109.654,1.615],[109.636,1.777],[109.571,1.806],[109.549,1.848],[109.539,1.896],[109.629,2.028],[109.694,1.889],[109.72,1.858],[109.865,1.764],[109.985,1.718],[110.114,1.699],[110.246,1.695],[110.298,1.701],[110.349,1.72],[110.4,1.7],[110.675,1.548],[110.782,1.521],[110.895,1.532],[110.94,1.517],[111.098,1.401],[111.145,1.387],[111.223,1.396],[111.123,1.449],[111.058,1.487],[111.029,1.558],[111.047,1.634],[111.11,1.684],[111.154,1.739],[111.17,1.902],[111.198,1.985],[111.251,2.064],[111.268,2.14],[111.209,2.198],[111.196,2.297],[111.209,2.38],[111.242,2.436],[111.296,2.399],[111.351,2.364],[111.406,2.368],[111.444,2.382],[111.451,2.424],[111.44,2.498],[111.443,2.634],[111.513,2.743],[111.623,2.818],[111.728,2.854],[112.119,2.915],[112.737,3.07],[112.921,3.131],[112.988,3.162],[113.045,3.205],[113.14,3.344],[113.32,3.561],[113.446,3.741],[113.712,4.001],[113.924,4.243],[113.953,4.289],[113.988,4.421],[113.99,4.483],[113.984,4.546],[114.013,4.575],[114.054,4.593],[114.064,4.593],[114.095,4.565],[114.169,4.527],[114.224,4.478],[114.261,4.414],[114.288,4.355],[114.29,4.304],[114.323,4.263],[114.417,4.256],[114.447,4.204],[114.512,4.114],[114.572,4.049],[114.608,4.024],[114.654,4.038],[114.725,4.097],[114.776,4.169],[114.81,4.267],[114.783,4.281],[114.831,4.354],[114.84,4.393],[114.818,4.429],[114.79,4.464],[114.779,4.553],[114.76,4.667],[114.747,4.718],[114.784,4.755],[114.865,4.802],[114.945,4.856],[115.027,4.9],[115.029,4.821],[115.027,4.691],[115.052,4.583],[115.107,4.39],[115.171,4.364],[115.247,4.347],[115.291,4.353],[115.319,4.365],[115.327,4.381],[115.279,4.456],[115.267,4.634],[115.228,4.751],[115.168,4.867],[115.14,4.9],[115.375,4.933],[115.428,4.969],[115.52,5.049],[115.554,5.094],[115.582,5.194],[115.467,5.254],[115.422,5.331],[115.419,5.413],[115.556,5.567],[115.604,5.603],[115.625,5.549],[115.685,5.535],[115.741,5.533],[115.797,5.536],[115.877,5.614],[115.918,5.725],[116.06,5.882],[116.11,6.003],[116.138,6.13],[116.495,6.522],[116.538,6.583],[116.75,6.977],[116.776,6.99],[116.833,6.952],[116.85,6.827],[116.842,6.772],[116.808,6.691],[116.788,6.606],[116.812,6.608],[116.913,6.66],[117.019,6.797],[117.078,6.917],[117.129,6.969],[117.23,6.94],[117.252,6.919],[117.245,6.833],[117.255,6.783],[117.294,6.677],[117.38,6.612],[117.499,6.571],[117.61,6.513],[117.646,6.474],[117.67,6.427],[117.694,6.35],[117.696,6.272],[117.616,6.197],[117.65,6.074],[117.645,6.002],[117.617,5.941],[117.501,5.885],[117.818,5.94],[117.896,5.972],[118.004,6.053],[118.062,5.983],[118.116,5.862],[118.072,5.832],[117.935,5.787],[117.928,5.769],[117.974,5.706],[118.031,5.712],[118.145,5.754],[118.249,5.821],[118.3,5.82],[118.353,5.806],[118.456,5.763],[118.514,5.729],[118.563,5.685],[118.595,5.592],[118.714,5.559],[118.957,5.429],[119.003,5.418],[119.05,5.415],[119.178,5.431],[119.223,5.413],[119.256,5.366],[119.266,5.308],[119.263,5.246],[119.25,5.199],[119.22,5.16],[119.132,5.1],[118.912,5.023],[118.672,4.964],[118.551,4.968],[118.382,5.019],[118.32,5.012],[118.261,4.989],[118.185,4.829],[118.324,4.669],[118.562,4.502],[118.595,4.461],[118.586,4.41],[118.548,4.379],[118.498,4.362],[118.364,4.336],[118.229,4.316],[118.117,4.288],[118.008,4.25],[117.896,4.263],[117.741,4.338],[117.696,4.343],[117.65,4.304],[117.604,4.2],[117.574,4.171]]],[[[104.222,2.732],[104.173,2.721],[104.147,2.728],[104.129,2.767],[104.17,2.857],[104.185,2.872],[104.223,2.774],[104.222,2.732]]],[[[100.289,5.295],[100.264,5.267],[100.191,5.283],[100.204,5.447],[100.246,5.468],[100.31,5.438],[100.339,5.41],[100.289,5.295]]],[[[99.848,6.466],[99.919,6.359],[99.883,6.311],[99.866,6.297],[99.823,6.313],[99.783,6.272],[99.744,6.263],[99.705,6.338],[99.657,6.367],[99.646,6.418],[99.711,6.427],[99.749,6.41],[99.822,6.445],[99.848,6.466]]],[[[117.142,7.168],[117.081,7.115],[117.06,7.179],[117.064,7.261],[117.147,7.337],[117.264,7.352],[117.281,7.291],[117.267,7.221],[117.239,7.185],[117.142,7.168]]],[[[101.319,2.988],[101.268,2.97],[101.265,2.996],[101.274,3.033],[101.311,3.067],[101.328,3.048],[101.319,2.988]]],[[[111.389,2.415],[111.359,2.402],[111.312,2.438],[111.3,2.741],[111.333,2.768],[111.355,2.764],[111.378,2.709],[111.376,2.576],[111.38,2.459],[111.389,2.415]]],[[[117.885,4.186],[117.745,4.167],[117.649,4.169],[117.667,4.204],[117.662,4.25],[117.708,4.262],[117.761,4.252],[117.885,4.186]]]]}},{"type":"Feature","properties":{"name":"Laos"},"geometry":{"type":"Polygon","coordinates":[[[102.127,22.379],[102.183,22.284],[102.301,22.178],[102.443,22.027],[102.487,21.958],[102.583,21.904],[102.61,21.852],[102.631,21.771],[102.641,21.711],[102.662,21.676],[102.695,21.662],[102.739,21.678],[102.771,21.71],[102.798,21.798],[102.816,21.807],[102.845,21.735],[102.876,21.722],[102.918,21.713],[102.95,21.681],[102.959,21.626],[102.949,21.57],[102.91,21.506],[102.888,21.44],[102.872,21.337],[102.851,21.266],[102.884,21.203],[103.104,20.892],[103.211,20.841],[103.464,20.78],[103.555,20.738],[103.635,20.697],[103.714,20.717],[103.791,20.81],[103.882,20.861],[104.052,20.941],[104.101,20.946],[104.195,20.914],[104.35,20.821],[104.461,20.734],[104.53,20.688],[104.583,20.647],[104.575,20.6],[104.533,20.555],[104.479,20.53],[104.408,20.486],[104.368,20.441],[104.392,20.425],[104.496,20.414],[104.619,20.375],[104.656,20.329],[104.662,20.289],[104.677,20.225],[104.699,20.205],[104.813,20.217],[104.848,20.202],[104.889,20.169],[104.929,20.083],[104.928,20.018],[104.846,19.947],[104.815,19.904],[104.802,19.836],[104.743,19.755],[104.588,19.619],[104.546,19.611],[104.26,19.685],[104.127,19.681],[104.063,19.678],[104.032,19.675],[104.013,19.646],[104.052,19.564],[104.063,19.483],[104.028,19.42],[103.932,19.366],[103.896,19.34],[103.892,19.305],[103.918,19.269],[104.006,19.231],[104.109,19.196],[104.446,18.984],[104.518,18.934],[104.613,18.861],[104.717,18.803],[104.993,18.728],[105.115,18.679],[105.146,18.651],[105.145,18.617],[105.113,18.573],[105.087,18.496],[105.086,18.45],[105.115,18.405],[105.163,18.339],[105.273,18.235],[105.333,18.19],[105.4,18.179],[105.458,18.154],[105.519,18.077],[105.588,17.984],[105.598,17.918],[105.627,17.834],[105.691,17.738],[105.779,17.644],[105.903,17.529],[105.974,17.447],[106.006,17.415],[106.27,17.217],[106.333,17.144],[106.426,17.003],[106.465,16.982],[106.502,16.954],[106.526,16.877],[106.534,16.821],[106.546,16.651],[106.594,16.6],[106.638,16.538],[106.656,16.493],[106.696,16.459],[106.74,16.453],[106.792,16.49],[106.832,16.526],[106.851,16.516],[106.893,16.397],[106.931,16.353],[107.002,16.312],[107.07,16.28],[107.217,16.136],[107.296,16.084],[107.35,16.067],[107.396,16.043],[107.41,15.998],[107.392,15.952],[107.361,15.922],[107.189,15.839],[107.166,15.802],[107.19,15.747],[107.233,15.678],[107.279,15.619],[107.339,15.56],[107.46,15.466],[107.564,15.392],[107.622,15.31],[107.653,15.255],[107.634,15.19],[107.59,15.118],[107.555,15.057],[107.496,15.021],[107.48,14.98],[107.505,14.916],[107.525,14.872],[107.514,14.817],[107.519,14.705],[107.465,14.665],[107.415,14.563],[107.38,14.555],[107.293,14.592],[107.262,14.572],[107.207,14.498],[107.109,14.417],[107.062,14.416],[107.03,14.426],[106.992,14.391],[106.938,14.327],[106.913,14.329],[106.82,14.315],[106.783,14.335],[106.738,14.388],[106.665,14.441],[106.599,14.479],[106.564,14.505],[106.531,14.549],[106.501,14.578],[106.447,14.515],[106.355,14.455],[106.268,14.466],[106.225,14.476],[106.191,14.388],[106.165,14.372],[106.008,14.357],[105.979,14.343],[106.004,14.263],[106.097,14.127],[106.125,14.049],[106.067,13.921],[105.904,13.925],[105.831,13.977],[105.764,14.049],[105.74,14.085],[105.532,14.156],[105.393,14.107],[105.35,14.11],[105.285,14.161],[105.246,14.201],[105.207,14.259],[105.186,14.319],[105.183,14.346],[105.244,14.368],[105.342,14.417],[105.423,14.472],[105.476,14.53],[105.497,14.591],[105.5,14.661],[105.523,14.843],[105.547,14.932],[105.533,15.042],[105.49,15.128],[105.49,15.257],[105.506,15.32],[105.513,15.361],[105.574,15.413],[105.616,15.488],[105.639,15.586],[105.641,15.657],[105.622,15.7],[105.562,15.741],[105.462,15.78],[105.399,15.83],[105.373,15.89],[105.376,15.942],[105.406,15.987],[105.331,16.038],[105.149,16.094],[105.047,16.16],[105.026,16.238],[104.95,16.34],[104.819,16.466],[104.751,16.648],[104.744,16.884],[104.759,17.077],[104.816,17.3],[104.74,17.462],[104.656,17.547],[104.539,17.609],[104.428,17.699],[104.323,17.816],[104.196,17.988],[104.049,18.217],[103.95,18.319],[103.899,18.295],[103.792,18.317],[103.63,18.383],[103.488,18.418],[103.367,18.423],[103.288,18.408],[103.252,18.373],[103.249,18.339],[103.28,18.305],[103.263,18.278],[103.2,18.259],[103.149,18.222],[103.091,18.138],[103.051,18.029],[102.991,17.986],[102.899,17.977],[102.807,17.946],[102.718,17.892],[102.675,17.852],[102.68,17.824],[102.661,17.818],[102.617,17.833],[102.596,17.87],[102.598,17.927],[102.553,17.965],[102.459,17.985],[102.352,18.046],[102.232,18.149],[102.148,18.204],[102.101,18.211],[102.035,18.17],[101.947,18.081],[101.875,18.046],[101.819,18.065],[101.775,18.033],[101.744,17.953],[101.688,17.889],[101.564,17.821],[101.555,17.812],[101.414,17.719],[101.3,17.625],[101.167,17.499],[101.105,17.48],[101.046,17.51],[100.956,17.541],[100.908,17.584],[100.999,17.797],[101.113,18.034],[101.144,18.143],[101.149,18.222],[101.138,18.287],[101.093,18.355],[101.051,18.407],[101.047,18.442],[101.06,18.479],[101.106,18.534],[101.166,18.618],[101.221,18.793],[101.286,18.977],[101.28,19.089],[101.227,19.212],[101.198,19.328],[101.221,19.487],[101.212,19.548],[101.155,19.579],[100.967,19.611],[100.906,19.605],[100.858,19.585],[100.807,19.542],[100.744,19.515],[100.625,19.5],[100.514,19.553],[100.42,19.644],[100.398,19.756],[100.466,19.889],[100.515,19.996],[100.543,20.089],[100.54,20.132],[100.52,20.178],[100.492,20.184],[100.432,20.241],[100.373,20.34],[100.318,20.386],[100.266,20.377],[100.218,20.34],[100.174,20.273],[100.14,20.245],[100.115,20.258],[100.122,20.317],[100.13,20.372],[100.184,20.589],[100.249,20.73],[100.326,20.796],[100.407,20.823],[100.493,20.813],[100.565,20.825],[100.623,20.86],[100.618,20.879],[100.549,20.884],[100.522,20.922],[100.536,20.992],[100.567,21.038],[100.614,21.059],[100.659,21.13],[100.703,21.251],[100.757,21.313],[100.82,21.314],[100.928,21.366],[101.08,21.469],[101.139,21.567],[101.197,21.522],[101.175,21.408],[101.206,21.383],[101.22,21.342],[101.212,21.278],[101.224,21.224],[101.248,21.197],[101.281,21.184],[101.444,21.231],[101.542,21.234],[101.584,21.204],[101.622,21.184],[101.669,21.17],[101.705,21.15],[101.728,21.156],[101.783,21.204],[101.801,21.213],[101.802,21.236],[101.763,21.279],[101.723,21.315],[101.724,21.395],[101.743,21.534],[101.747,21.606],[101.744,21.778],[101.737,21.827],[101.7,21.882],[101.603,21.99],[101.576,22.055],[101.56,22.121],[101.562,22.162],[101.537,22.21],[101.525,22.254],[101.568,22.276],[101.62,22.327],[101.646,22.405],[101.671,22.462],[101.708,22.487],[101.739,22.495],[101.76,22.49],[101.842,22.388],[101.945,22.439],[102.024,22.439],[102.092,22.412],[102.127,22.379]]]}},{"type":"Feature","properties":{"name":"Indonesia"},"geometry":{"type":"MultiPolygon","coordinates":[[[[97.482,1.465],[97.698,1.184],[97.786,1.146],[97.903,1.018],[97.932,0.974],[97.902,0.884],[97.876,0.628],[97.82,0.564],[97.684,0.596],[97.683,0.641],[97.604,0.834],[97.461,0.941],[97.405,0.947],[97.369,1.057],[97.297,1.187],[97.079,1.425],[97.244,1.424],[97.324,1.482],[97.343,1.528],[97.356,1.54],[97.482,1.465]]],[[[99.164,-1.778],[99.072,-1.783],[98.874,-1.664],[98.828,-1.61],[98.816,-1.538],[98.627,-1.261],[98.602,-1.198],[98.676,-0.971],[98.869,-0.916],[98.933,-0.954],[98.955,-1.056],[99.065,-1.241],[99.101,-1.34],[99.129,-1.384],[99.14,-1.418],[99.131,-1.442],[99.21,-1.559],[99.267,-1.628],[99.271,-1.738],[99.164,-1.778]]],[[[116.641,-8.614],[116.514,-8.821],[116.559,-8.854],[116.587,-8.886],[116.377,-8.929],[116.29,-8.906],[116.239,-8.912],[116.027,-8.873],[115.875,-8.826],[115.857,-8.788],[115.869,-8.743],[115.914,-8.758],[116.032,-8.765],[116.076,-8.745],[116.078,-8.611],[116.061,-8.437],[116.22,-8.295],[116.304,-8.238],[116.402,-8.204],[116.647,-8.283],[116.688,-8.304],[116.719,-8.336],[116.734,-8.387],[116.641,-8.614]]],[[[115.448,-8.155],[115.549,-8.208],[115.691,-8.364],[115.704,-8.407],[115.661,-8.448],[115.56,-8.514],[115.334,-8.616],[115.295,-8.664],[115.247,-8.758],[115.236,-8.798],[115.22,-8.82],[115.194,-8.835],[115.145,-8.849],[115.092,-8.829],[115.14,-8.769],[115.142,-8.697],[115.106,-8.629],[115.055,-8.573],[114.952,-8.496],[114.842,-8.429],[114.731,-8.394],[114.613,-8.378],[114.571,-8.345],[114.502,-8.261],[114.479,-8.215],[114.468,-8.166],[114.475,-8.119],[114.504,-8.117],[114.62,-8.128],[114.833,-8.183],[114.938,-8.187],[114.998,-8.174],[115.154,-8.066],[115.191,-8.067],[115.34,-8.115],[115.448,-8.155]]],[[[106.046,-1.669],[106.08,-1.738],[106.127,-1.8],[106.162,-1.867],[106.209,-2.189],[106.366,-2.465],[106.818,-2.573],[106.744,-2.618],[106.707,-2.658],[106.679,-2.704],[106.612,-2.896],[106.619,-2.936],[106.658,-3.001],[106.667,-3.072],[106.611,-3.071],[106.547,-3.056],[106.496,-3.029],[106.449,-2.994],[106.397,-2.967],[106.342,-2.949],[106.25,-2.894],[106.126,-2.855],[105.999,-2.825],[105.937,-2.744],[105.908,-2.643],[105.939,-2.493],[105.908,-2.452],[105.862,-2.415],[105.807,-2.307],[105.786,-2.181],[105.705,-2.133],[105.599,-2.103],[105.553,-2.079],[105.343,-2.125],[105.293,-2.114],[105.248,-2.079],[105.133,-2.043],[105.138,-1.973],[105.191,-1.917],[105.316,-1.861],[105.375,-1.813],[105.387,-1.751],[105.364,-1.705],[105.373,-1.657],[105.413,-1.611],[105.46,-1.575],[105.585,-1.527],[105.64,-1.61],[105.668,-1.68],[105.701,-1.731],[105.754,-1.659],[105.72,-1.534],[105.816,-1.506],[105.91,-1.505],[105.981,-1.539],[106.027,-1.593],[106.046,-1.669]]],[[[108.316,3.69],[108.18,3.653],[108.1,3.705],[108.186,3.768],[108.216,3.772],[108.236,3.785],[108.243,3.81],[108.088,3.852],[108.045,3.889],[108.002,3.983],[108.004,4.043],[108.202,4.2],[108.248,4.217],[108.256,4.152],[108.393,3.986],[108.399,3.876],[108.394,3.836],[108.316,3.69]]],[[[108.207,-2.998],[108.192,-3.103],[108.167,-3.143],[108.084,-3.195],[108.055,-3.227],[107.977,-3.222],[107.967,-3.167],[107.941,-3.129],[107.858,-3.086],[107.837,-3.097],[107.822,-3.161],[107.66,-3.206],[107.614,-3.209],[107.637,-3.125],[107.595,-3.058],[107.592,-2.977],[107.584,-2.941],[107.563,-2.92],[107.605,-2.863],[107.598,-2.8],[107.642,-2.732],[107.666,-2.566],[107.838,-2.53],[107.875,-2.56],[108.074,-2.597],[108.215,-2.697],[108.291,-2.83],[108.207,-2.998]]],[[[96.493,5.229],[96.615,5.22],[96.843,5.274],[96.968,5.269],[97.086,5.23],[97.19,5.207],[97.451,5.236],[97.5,5.228],[97.547,5.206],[97.588,5.17],[97.707,5.04],[97.908,4.88],[97.967,4.777],[98.0,4.662],[98.021,4.635],[98.248,4.415],[98.273,4.322],[98.241,4.195],[98.307,4.093],[98.528,3.998],[98.659,3.928],[98.687,3.886],[98.706,3.835],[98.778,3.759],[98.869,3.71],[99.151,3.581],[99.521,3.311],[99.732,3.183],[99.907,2.988],[99.969,2.895],[100.021,2.794],[100.127,2.648],[100.307,2.467],[100.353,2.411],[100.401,2.332],[100.457,2.257],[100.524,2.189],[100.604,2.137],[100.685,2.12],[100.817,1.989],[100.888,1.948],[100.877,2.051],[100.817,2.14],[100.818,2.194],[100.828,2.243],[100.877,2.283],[100.936,2.295],[101.046,2.257],[101.225,2.102],[101.301,2.012],[101.358,1.887],[101.405,1.757],[101.477,1.693],[101.575,1.671],[101.684,1.661],[101.785,1.621],[102.02,1.442],[102.098,1.358],[102.157,1.259],[102.198,1.142],[102.223,1.019],[102.239,0.99],[102.39,0.842],[102.469,0.779],[102.566,0.749],[102.849,0.715],[102.949,0.664],[103.032,0.579],[103.067,0.492],[103.008,0.415],[102.786,0.298],[102.55,0.216],[102.78,0.244],[102.896,0.279],[103.003,0.332],[103.109,0.4],[103.277,0.495],[103.339,0.514],[103.412,0.507],[103.479,0.48],[103.579,0.387],[103.673,0.289],[103.743,0.174],[103.787,0.047],[103.706,-0.02],[103.589,-0.069],[103.429,-0.192],[103.412,-0.24],[103.444,-0.272],[103.405,-0.362],[103.495,-0.418],[103.509,-0.466],[103.431,-0.534],[103.439,-0.576],[103.533,-0.755],[103.578,-0.796],[103.721,-0.887],[103.94,-0.979],[104.061,-1.021],[104.199,-1.054],[104.258,-1.053],[104.361,-1.038],[104.381,-1.074],[104.426,-1.251],[104.447,-1.362],[104.478,-1.6],[104.519,-1.699],[104.516,-1.819],[104.569,-1.922],[104.676,-1.987],[104.791,-2.041],[104.845,-2.093],[104.845,-2.172],[104.826,-2.234],[104.787,-2.283],[104.668,-2.386],[104.647,-2.43],[104.631,-2.543],[104.651,-2.595],[104.698,-2.598],[104.736,-2.571],[104.878,-2.419],[104.917,-2.392],[104.971,-2.371],[105.026,-2.358],[105.287,-2.356],[105.397,-2.38],[105.495,-2.43],[105.582,-2.492],[105.899,-2.888],[106.044,-3.106],[106.056,-3.161],[106.058,-3.217],[106.034,-3.261],[105.901,-3.41],[105.885,-3.451],[105.844,-3.614],[105.852,-3.731],[105.896,-3.78],[105.93,-3.833],[105.928,-3.881],[105.841,-4.122],[105.831,-4.163],[105.887,-4.554],[105.891,-4.66],[105.879,-4.794],[105.887,-5.01],[105.816,-5.677],[105.803,-5.716],[105.748,-5.818],[105.677,-5.818],[105.619,-5.8],[105.578,-5.761],[105.556,-5.712],[105.523,-5.673],[105.349,-5.55],[105.304,-5.57],[105.128,-5.723],[105.081,-5.746],[105.023,-5.727],[104.93,-5.681],[104.64,-5.52],[104.622,-5.572],[104.618,-5.642],[104.676,-5.816],[104.684,-5.893],[104.631,-5.908],[104.602,-5.905],[104.481,-5.803],[104.37,-5.691],[104.243,-5.539],[104.15,-5.467],[104.067,-5.386],[103.831,-5.08],[103.77,-5.033],[103.406,-4.816],[103.332,-4.765],[103.239,-4.676],[103.139,-4.596],[102.919,-4.471],[102.538,-4.152],[102.372,-3.969],[102.188,-3.675],[102.128,-3.599],[101.818,-3.378],[101.649,-3.244],[101.579,-3.167],[101.414,-2.899],[101.366,-2.808],[101.306,-2.729],[101.206,-2.664],[101.119,-2.588],[100.944,-2.345],[100.89,-2.249],[100.848,-2.144],[100.855,-1.934],[100.487,-1.299],[100.394,-1.101],[100.308,-0.827],[100.289,-0.799],[100.088,-0.553],[100.017,-0.474],[99.931,-0.4],[99.86,-0.314],[99.721,-0.033],[99.67,0.045],[99.598,0.102],[99.335,0.209],[99.236,0.268],[99.159,0.352],[99.112,0.459],[99.06,0.686],[98.936,1.032],[98.796,1.495],[98.703,1.702],[98.595,1.865],[98.564,1.902],[98.087,2.195],[98.005,2.238],[97.919,2.264],[97.795,2.283],[97.701,2.359],[97.662,2.494],[97.641,2.676],[97.617,2.785],[97.591,2.847],[97.391,2.975],[97.313,3.077],[97.248,3.189],[97.188,3.276],[96.969,3.575],[96.894,3.654],[96.801,3.709],[96.525,3.767],[96.445,3.816],[96.311,3.986],[96.23,4.073],[95.988,4.263],[95.579,4.662],[95.495,4.761],[95.432,4.865],[95.381,4.976],[95.207,5.284],[95.221,5.346],[95.247,5.411],[95.243,5.464],[95.224,5.517],[95.228,5.565],[95.28,5.593],[95.396,5.629],[95.517,5.625],[95.629,5.609],[95.737,5.579],[95.841,5.515],[96.027,5.351],[96.133,5.294],[96.251,5.267],[96.493,5.229]]],[[[122.783,-8.612],[122.642,-8.647],[122.554,-8.681],[122.47,-8.725],[122.417,-8.735],[122.321,-8.738],[122.186,-8.73],[122.094,-8.745],[121.839,-8.86],[121.738,-8.87],[121.651,-8.899],[121.621,-8.854],[121.585,-8.821],[121.5,-8.812],[121.415,-8.815],[121.328,-8.917],[121.191,-8.896],[121.138,-8.904],[121.086,-8.926],[121.035,-8.935],[120.982,-8.928],[120.781,-8.849],[120.55,-8.802],[120.32,-8.82],[120.121,-8.777],[120.012,-8.81],[119.909,-8.858],[119.879,-8.808],[119.841,-8.764],[119.808,-8.698],[119.807,-8.623],[119.818,-8.571],[119.848,-8.523],[119.866,-8.473],[119.875,-8.42],[119.918,-8.445],[119.964,-8.436],[120.099,-8.378],[120.231,-8.29],[120.354,-8.258],[120.425,-8.249],[120.486,-8.266],[120.547,-8.26],[120.61,-8.24],[120.71,-8.308],[120.751,-8.321],[120.886,-8.327],[121.009,-8.366],[121.118,-8.424],[121.277,-8.478],[121.372,-8.551],[121.445,-8.578],[121.498,-8.585],[121.548,-8.575],[121.61,-8.526],[121.683,-8.506],[121.747,-8.507],[121.863,-8.494],[121.912,-8.482],[121.967,-8.455],[122.02,-8.472],[122.067,-8.497],[122.263,-8.625],[122.323,-8.628],[122.433,-8.601],[122.467,-8.566],[122.484,-8.514],[122.514,-8.47],[122.556,-8.432],[122.604,-8.402],[122.75,-8.353],[122.85,-8.304],[122.919,-8.222],[122.759,-8.186],[122.792,-8.127],[122.846,-8.093],[122.917,-8.106],[122.978,-8.152],[123.006,-8.329],[122.955,-8.354],[122.924,-8.381],[122.902,-8.416],[122.811,-8.481],[122.847,-8.562],[122.82,-8.596],[122.783,-8.612]]],[[[120.013,-9.375],[120.058,-9.42],[120.221,-9.506],[120.248,-9.543],[120.258,-9.603],[120.291,-9.648],[120.365,-9.655],[120.444,-9.646],[120.504,-9.674],[120.556,-9.719],[120.633,-9.806],[120.7,-9.903],[120.784,-9.957],[120.833,-10.037],[120.804,-10.108],[120.698,-10.207],[120.64,-10.228],[120.562,-10.236],[120.439,-10.294],[120.395,-10.263],[120.255,-10.242],[120.145,-10.2],[120.052,-10.123],[119.998,-10.04],[119.931,-9.967],[119.813,-9.917],[119.601,-9.774],[119.47,-9.761],[119.417,-9.771],[119.363,-9.772],[119.085,-9.707],[119.042,-9.669],[119.008,-9.621],[118.977,-9.573],[118.959,-9.519],[118.994,-9.472],[119.031,-9.44],[119.186,-9.384],[119.296,-9.367],[119.424,-9.37],[119.615,-9.352],[119.795,-9.38],[119.851,-9.36],[119.942,-9.301],[119.974,-9.322],[120.013,-9.375]]],[[[118.242,-8.318],[118.292,-8.357],[118.338,-8.354],[118.433,-8.293],[118.491,-8.271],[118.552,-8.27],[118.612,-8.281],[118.671,-8.323],[118.692,-8.393],[118.714,-8.415],[118.748,-8.331],[118.794,-8.306],[118.846,-8.293],[118.926,-8.298],[118.988,-8.338],[119.044,-8.457],[119.042,-8.561],[119.062,-8.6],[119.101,-8.628],[119.13,-8.668],[119.104,-8.71],[119.079,-8.73],[119.006,-8.75],[118.971,-8.741],[118.939,-8.713],[118.903,-8.703],[118.821,-8.712],[118.746,-8.735],[118.756,-8.774],[118.818,-8.791],[118.837,-8.809],[118.833,-8.833],[118.808,-8.838],[118.728,-8.805],[118.674,-8.812],[118.479,-8.856],[118.427,-8.855],[118.398,-8.813],[118.4,-8.704],[118.379,-8.675],[118.234,-8.808],[118.19,-8.841],[118.132,-8.856],[118.071,-8.851],[117.861,-8.931],[117.795,-8.92],[117.732,-8.92],[117.508,-9.008],[117.388,-9.032],[117.326,-9.034],[117.265,-9.026],[117.21,-9.034],[117.161,-9.069],[117.061,-9.099],[116.958,-9.076],[116.871,-9.046],[116.788,-9.006],[116.768,-8.955],[116.772,-8.894],[116.807,-8.811],[116.783,-8.665],[116.801,-8.598],[116.835,-8.532],[116.886,-8.508],[116.953,-8.503],[117.064,-8.444],[117.165,-8.367],[117.224,-8.375],[117.357,-8.429],[117.435,-8.435],[117.567,-8.426],[117.622,-8.46],[117.643,-8.536],[117.673,-8.563],[117.712,-8.583],[117.806,-8.711],[117.893,-8.704],[117.97,-8.728],[118.104,-8.65],[118.206,-8.652],[118.235,-8.592],[118.174,-8.528],[118.1,-8.475],[118.061,-8.464],[118.018,-8.467],[117.979,-8.459],[117.815,-8.342],[117.766,-8.279],[117.738,-8.205],[117.755,-8.15],[117.868,-8.101],[117.921,-8.089],[118.117,-8.122],[118.151,-8.15],[118.203,-8.267],[118.242,-8.318]]],[[[124.889,0.995],[124.698,0.826],[124.64,0.744],[124.589,0.655],[124.514,0.557],[124.428,0.471],[124.384,0.445],[124.278,0.398],[124.217,0.38],[124.101,0.375],[123.754,0.306],[123.64,0.297],[123.526,0.3],[123.31,0.318],[123.265,0.327],[123.179,0.416],[123.083,0.486],[122.997,0.494],[122.91,0.486],[122.281,0.481],[122.061,0.468],[121.842,0.437],[121.723,0.451],[121.605,0.486],[121.516,0.498],[121.426,0.495],[121.013,0.442],[120.909,0.447],[120.7,0.515],[120.579,0.528],[120.46,0.51],[120.349,0.449],[120.307,0.408],[120.192,0.269],[120.127,0.167],[120.078,0.04],[120.036,-0.09],[120.013,-0.196],[120.012,-0.307],[120.032,-0.432],[120.063,-0.556],[120.097,-0.65],[120.241,-0.868],[120.27,-0.899],[120.425,-0.961],[120.518,-1.039],[120.605,-1.258],[120.667,-1.37],[120.729,-1.371],[120.797,-1.364],[120.916,-1.378],[121.034,-1.407],[121.149,-1.339],[121.213,-1.212],[121.277,-1.118],[121.431,-0.939],[121.519,-0.856],[121.576,-0.829],[121.633,-0.84],[121.681,-0.888],[121.738,-0.926],[121.853,-0.946],[121.97,-0.933],[122.094,-0.875],[122.138,-0.839],[122.175,-0.794],[122.28,-0.757],[122.53,-0.757],[122.659,-0.77],[122.889,-0.755],[122.886,-0.722],[122.841,-0.687],[122.829,-0.659],[122.872,-0.641],[123.02,-0.6],[123.171,-0.571],[123.281,-0.592],[123.38,-0.649],[123.417,-0.707],[123.434,-0.778],[123.396,-0.962],[123.378,-1.004],[123.3,-1.026],[123.226,-1.002],[123.153,-0.907],[123.049,-0.872],[122.903,-0.901],[122.853,-0.928],[122.807,-0.966],[122.725,-1.064],[122.656,-1.175],[122.507,-1.348],[122.334,-1.498],[122.251,-1.555],[122.158,-1.594],[121.859,-1.693],[121.78,-1.767],[121.719,-1.863],[121.651,-1.895],[121.573,-1.906],[121.514,-1.888],[121.395,-1.834],[121.355,-1.878],[121.349,-1.946],[121.408,-1.97],[121.502,-2.045],[121.575,-2.151],[121.622,-2.174],[121.726,-2.208],[121.77,-2.241],[121.848,-2.332],[121.972,-2.542],[122.014,-2.656],[122.083,-2.75],[122.292,-2.908],[122.303,-2.952],[122.29,-3.004],[122.307,-3.052],[122.381,-3.142],[122.399,-3.201],[122.317,-3.275],[122.313,-3.383],[122.263,-3.527],[122.251,-3.576],[122.253,-3.62],[122.288,-3.662],[122.329,-3.694],[122.385,-3.711],[122.435,-3.74],[122.529,-3.853],[122.579,-3.882],[122.61,-3.923],[122.607,-3.985],[122.65,-4.021],[122.69,-4.084],[122.75,-4.1],[122.779,-4.082],[122.798,-4.054],[122.848,-4.065],[122.877,-4.109],[122.894,-4.166],[122.9,-4.229],[122.897,-4.349],[122.872,-4.392],[122.818,-4.39],[122.72,-4.341],[122.715,-4.376],[122.722,-4.411],[122.672,-4.422],[122.615,-4.417],[122.471,-4.422],[122.207,-4.496],[122.114,-4.54],[122.054,-4.62],[122.05,-4.675],[122.073,-4.792],[122.038,-4.832],[121.917,-4.848],[121.748,-4.817],[121.646,-4.786],[121.589,-4.76],[121.514,-4.681],[121.487,-4.581],[121.541,-4.283],[121.557,-4.245],[121.583,-4.211],[121.612,-4.156],[121.618,-4.093],[121.537,-4.015],[121.416,-3.984],[121.313,-3.919],[120.914,-3.556],[120.892,-3.521],[120.891,-3.46],[120.907,-3.404],[121.038,-3.205],[121.054,-3.167],[121.07,-3.01],[121.067,-2.881],[121.052,-2.752],[120.99,-2.67],[120.879,-2.646],[120.765,-2.642],[120.654,-2.668],[120.544,-2.733],[120.341,-2.87],[120.261,-2.949],[120.254,-3.053],[120.3,-3.154],[120.36,-3.247],[120.392,-3.348],[120.437,-3.707],[120.435,-3.748],[120.383,-3.852],[120.362,-4.086],[120.385,-4.415],[120.42,-4.617],[120.405,-4.727],[120.31,-4.963],[120.281,-5.093],[120.279,-5.146],[120.391,-5.393],[120.417,-5.49],[120.43,-5.591],[120.312,-5.542],[120.256,-5.544],[120.201,-5.559],[120.077,-5.575],[119.952,-5.578],[119.908,-5.596],[119.818,-5.662],[119.764,-5.688],[119.717,-5.693],[119.557,-5.611],[119.463,-5.522],[119.376,-5.425],[119.36,-5.314],[119.391,-5.201],[119.434,-5.079],[119.52,-4.877],[119.516,-4.742],[119.545,-4.631],[119.594,-4.523],[119.612,-4.424],[119.624,-4.034],[119.611,-4.0],[119.494,-3.769],[119.48,-3.73],[119.479,-3.667],[119.492,-3.608],[119.495,-3.554],[119.467,-3.513],[119.42,-3.475],[119.362,-3.459],[119.24,-3.475],[118.995,-3.538],[118.922,-3.483],[118.868,-3.398],[118.833,-3.28],[118.812,-3.157],[118.822,-3.041],[118.858,-2.929],[118.829,-2.85],[118.784,-2.765],[118.783,-2.721],[118.809,-2.682],[118.853,-2.65],[118.908,-2.631],[118.958,-2.597],[119.092,-2.483],[119.135,-2.382],[119.138,-2.258],[119.172,-2.14],[119.241,-2.031],[119.322,-1.93],[119.348,-1.825],[119.308,-1.66],[119.324,-1.584],[119.31,-1.496],[119.309,-1.408],[119.359,-1.243],[119.508,-0.907],[119.654,-0.728],[119.711,-0.681],[119.787,-0.764],[119.844,-0.862],[119.845,-0.773],[119.83,-0.686],[119.772,-0.484],[119.722,-0.088],[119.736,-0.051],[119.787,-0.057],[119.838,-0.022],[119.866,0.04],[119.812,0.187],[119.809,0.239],[119.913,0.445],[119.998,0.52],[120.035,0.567],[120.056,0.693],[120.101,0.74],[120.157,0.774],[120.23,0.861],[120.27,0.971],[120.294,0.979],[120.322,0.983],[120.367,0.888],[120.416,0.849],[120.517,0.818],[120.603,0.854],[120.626,0.902],[120.659,0.944],[120.711,0.987],[120.755,1.036],[120.804,1.149],[120.868,1.253],[120.912,1.289],[120.965,1.312],[121.025,1.326],[121.082,1.328],[121.208,1.262],[121.282,1.25],[121.357,1.255],[121.404,1.244],[121.44,1.214],[121.473,1.156],[121.513,1.105],[121.551,1.08],[121.592,1.068],[121.867,1.089],[122.108,1.031],[122.437,1.018],[122.549,0.984],[122.657,0.941],[122.79,0.863],[122.838,0.846],[122.892,0.85],[122.96,0.923],[123.013,0.939],[123.067,0.942],[123.278,0.928],[123.847,0.838],[123.931,0.85],[124.274,1.022],[124.411,1.185],[124.534,1.23],[124.575,1.304],[124.6,1.392],[124.644,1.416],[124.747,1.441],[124.788,1.468],[124.861,1.576],[124.947,1.672],[124.989,1.701],[125.111,1.686],[125.165,1.644],[125.234,1.502],[125.222,1.479],[125.141,1.408],[125.117,1.379],[125.028,1.18],[124.967,1.083],[124.889,0.995]]],[[[107.374,-6.008],[107.475,-6.122],[107.563,-6.183],[107.667,-6.216],[107.776,-6.219],[107.884,-6.233],[108.009,-6.277],[108.138,-6.297],[108.197,-6.289],[108.254,-6.267],[108.295,-6.265],[108.33,-6.286],[108.419,-6.383],[108.516,-6.471],[108.538,-6.516],[108.604,-6.729],[108.678,-6.791],[108.78,-6.808],[108.899,-6.808],[109.018,-6.817],[109.294,-6.867],[109.404,-6.86],[109.501,-6.81],[109.587,-6.843],[109.821,-6.902],[109.936,-6.916],[110.067,-6.899],[110.198,-6.895],[110.261,-6.912],[110.321,-6.938],[110.373,-6.948],[110.426,-6.947],[110.521,-6.897],[110.584,-6.806],[110.634,-6.69],[110.674,-6.57],[110.701,-6.518],[110.737,-6.472],[110.784,-6.443],[110.835,-6.424],[110.972,-6.436],[111.001,-6.465],[111.154,-6.669],[111.182,-6.687],[111.342,-6.7],[111.387,-6.693],[111.484,-6.652],[111.54,-6.648],[111.644,-6.699],[111.688,-6.742],[111.738,-6.773],[111.99,-6.806],[112.087,-6.893],[112.137,-6.905],[112.312,-6.894],[112.434,-6.903],[112.539,-6.926],[112.587,-7.051],[112.626,-7.178],[112.649,-7.221],[112.752,-7.265],[112.794,-7.304],[112.783,-7.432],[112.795,-7.552],[113.014,-7.658],[113.248,-7.718],[113.498,-7.724],[113.747,-7.703],[113.876,-7.677],[114.037,-7.632],[114.071,-7.633],[114.383,-7.771],[114.409,-7.792],[114.444,-7.896],[114.443,-8.005],[114.385,-8.263],[114.381,-8.334],[114.387,-8.405],[114.449,-8.559],[114.482,-8.604],[114.595,-8.685],[114.599,-8.727],[114.584,-8.77],[114.459,-8.741],[114.383,-8.705],[114.339,-8.647],[114.277,-8.615],[114.16,-8.626],[113.94,-8.568],[113.693,-8.478],[113.253,-8.287],[113.134,-8.288],[113.019,-8.313],[112.898,-8.361],[112.772,-8.396],[112.679,-8.409],[112.586,-8.4],[112.352,-8.354],[112.115,-8.324],[111.51,-8.305],[111.339,-8.262],[111.055,-8.24],[110.83,-8.202],[110.607,-8.149],[110.039,-7.891],[109.853,-7.828],[109.282,-7.705],[109.194,-7.695],[108.987,-7.704],[108.856,-7.668],[108.741,-7.667],[108.571,-7.707],[108.518,-7.736],[108.452,-7.797],[108.336,-7.794],[108.221,-7.782],[107.917,-7.724],[107.804,-7.688],[107.696,-7.636],[107.598,-7.567],[107.547,-7.542],[107.285,-7.472],[107.071,-7.447],[106.631,-7.416],[106.535,-7.394],[106.455,-7.369],[106.411,-7.312],[106.417,-7.239],[106.448,-7.177],[106.492,-7.114],[106.52,-7.054],[106.198,-6.928],[105.944,-6.859],[105.835,-6.846],[105.725,-6.846],[105.601,-6.86],[105.478,-6.854],[105.421,-6.833],[105.362,-6.826],[105.303,-6.841],[105.255,-6.835],[105.243,-6.778],[105.273,-6.729],[105.336,-6.674],[105.371,-6.664],[105.387,-6.751],[105.405,-6.768],[105.46,-6.787],[105.484,-6.782],[105.581,-6.671],[105.608,-6.617],[105.655,-6.47],[105.706,-6.498],[105.757,-6.48],[105.787,-6.457],[105.868,-6.116],[105.936,-6.017],[106.029,-5.934],[106.075,-5.914],[106.166,-5.965],[106.35,-5.984],[106.459,-6.018],[106.569,-6.022],[106.676,-6.038],[106.825,-6.098],[106.878,-6.092],[106.932,-6.073],[107.012,-6.008],[107.046,-5.904],[107.162,-5.957],[107.332,-5.978],[107.374,-6.008]]],[[[109.629,2.028],[109.539,1.896],[109.549,1.848],[109.571,1.806],[109.636,1.777],[109.654,1.615],[109.736,1.523],[109.818,1.439],[109.879,1.398],[109.945,1.338],[109.992,1.283],[110.041,1.236],[110.115,1.19],[110.315,0.996],[110.399,0.939],[110.461,0.882],[110.506,0.862],[110.615,0.878],[110.938,1.017],[110.996,1.026],[111.101,1.051],[111.287,1.043],[111.483,0.996],[111.547,0.994],[111.607,1.023],[111.691,1.014],[111.77,0.999],[111.809,1.012],[111.923,1.113],[112.079,1.143],[112.129,1.244],[112.167,1.338],[112.186,1.439],[112.251,1.48],[112.342,1.515],[112.476,1.559],[112.943,1.567],[112.988,1.548],[112.998,1.496],[112.988,1.457],[113.007,1.434],[113.069,1.432],[113.126,1.408],[113.359,1.327],[113.458,1.302],[113.513,1.308],[113.622,1.236],[113.682,1.261],[113.76,1.311],[113.835,1.38],[113.902,1.434],[114.0,1.455],[114.126,1.452],[114.275,1.471],[114.387,1.5],[114.513,1.452],[114.546,1.467],[114.567,1.514],[114.632,1.617],[114.661,1.686],[114.686,1.819],[114.704,1.851],[114.751,1.869],[114.8,1.894],[114.813,1.934],[114.831,1.98],[114.816,2.019],[114.788,2.052],[114.759,2.162],[114.768,2.213],[114.786,2.25],[114.836,2.269],[114.969,2.351],[115.087,2.446],[115.151,2.493],[115.179,2.523],[115.181,2.567],[115.13,2.612],[115.081,2.634],[115.077,2.687],[115.079,2.723],[115.094,2.758],[115.087,2.791],[115.086,2.841],[115.118,2.895],[115.19,2.974],[115.247,3.026],[115.31,2.994],[115.384,3.009],[115.454,3.034],[115.493,3.128],[115.499,3.173],[115.49,3.209],[115.514,3.342],[115.52,3.362],[115.566,3.446],[115.571,3.502],[115.545,3.634],[115.561,3.733],[115.568,3.939],[115.596,3.976],[115.628,4.082],[115.679,4.193],[115.782,4.254],[115.837,4.333],[115.861,4.348],[115.896,4.349],[116.022,4.291],[116.134,4.355],[116.236,4.363],[116.32,4.354],[116.368,4.327],[116.415,4.308],[116.515,4.371],[116.553,4.36],[116.589,4.338],[116.639,4.339],[116.698,4.355],[116.844,4.34],[117.101,4.337],[117.278,4.299],[117.451,4.193],[117.537,4.171],[117.574,4.171],[117.566,4.162],[117.497,4.133],[117.465,4.076],[117.559,3.988],[117.566,3.93],[117.639,3.878],[117.728,3.797],[117.732,3.77],[117.762,3.734],[117.777,3.689],[117.714,3.645],[117.63,3.636],[117.567,3.678],[117.51,3.73],[117.495,3.666],[117.45,3.629],[117.288,3.639],[117.172,3.639],[117.056,3.623],[117.114,3.613],[117.166,3.592],[117.346,3.427],[117.385,3.365],[117.322,3.244],[117.352,3.194],[117.422,3.165],[117.507,3.105],[117.567,3.098],[117.611,3.064],[117.612,3.005],[117.638,2.951],[117.569,2.929],[117.637,2.915],[117.698,2.887],[117.665,2.859],[117.639,2.825],[117.667,2.807],[117.75,2.776],[117.786,2.747],[117.805,2.669],[117.886,2.542],[118.034,2.378],[118.067,2.318],[118.066,2.263],[118.042,2.215],[117.957,2.16],[117.889,2.087],[117.881,2.061],[117.789,2.027],[117.831,2.002],[117.865,1.968],[117.928,1.867],[118.08,1.702],[118.157,1.64],[118.472,1.416],[118.639,1.319],[118.853,1.096],[118.963,1.044],[118.985,0.982],[118.892,0.887],[118.757,0.839],[118.535,0.814],[118.312,0.847],[118.196,0.874],[118.096,0.929],[118.016,1.039],[117.912,1.099],[117.952,1.032],[117.977,0.964],[117.964,0.89],[117.923,0.831],[117.853,0.789],[117.777,0.754],[117.745,0.73],[117.553,0.341],[117.522,0.236],[117.464,-0.2],[117.463,-0.324],[117.549,-0.554],[117.557,-0.675],[117.574,-0.728],[117.562,-0.771],[117.522,-0.797],[117.357,-0.867],[117.241,-0.926],[117.146,-1.009],[117.07,-1.113],[117.003,-1.188],[116.914,-1.224],[116.849,-1.218],[116.797,-1.184],[116.761,-1.117],[116.74,-1.044],[116.726,-1.098],[116.729,-1.151],[116.759,-1.207],[116.771,-1.267],[116.753,-1.327],[116.715,-1.376],[116.612,-1.429],[116.554,-1.474],[116.545,-1.553],[116.518,-1.598],[116.478,-1.633],[116.332,-1.712],[116.3,-1.744],[116.275,-1.785],[116.353,-1.779],[116.424,-1.785],[116.43,-1.864],[116.452,-1.923],[116.424,-2.053],[116.314,-2.14],[116.369,-2.158],[116.418,-2.187],[116.528,-2.208],[116.565,-2.3],[116.549,-2.411],[116.529,-2.511],[116.45,-2.538],[116.401,-2.52],[116.353,-2.522],[116.317,-2.552],[116.307,-2.603],[116.375,-2.578],[116.372,-2.707],[116.353,-2.833],[116.331,-2.902],[116.289,-2.959],[116.226,-2.977],[116.166,-2.935],[116.154,-2.984],[116.172,-3.025],[116.257,-3.126],[116.205,-3.149],[116.167,-3.183],[116.15,-3.233],[116.058,-3.348],[116.017,-3.433],[115.999,-3.523],[115.956,-3.595],[115.258,-3.907],[114.694,-4.17],[114.653,-4.152],[114.625,-4.112],[114.606,-3.703],[114.536,-3.494],[114.526,-3.377],[114.446,-3.482],[114.397,-3.471],[114.344,-3.444],[114.305,-3.41],[114.302,-3.365],[114.344,-3.235],[114.293,-3.306],[114.236,-3.361],[114.178,-3.354],[114.128,-3.327],[114.109,-3.285],[114.082,-3.279],[113.959,-3.394],[113.796,-3.456],[113.705,-3.455],[113.634,-3.42],[113.637,-3.332],[113.63,-3.246],[113.61,-3.196],[113.566,-3.178],[113.526,-3.184],[113.409,-3.229],[113.367,-3.224],[113.343,-3.246],[113.034,-2.933],[112.971,-3.187],[112.758,-3.322],[112.6,-3.4],[112.444,-3.371],[112.285,-3.321],[112.127,-3.381],[111.955,-3.53],[111.907,-3.553],[111.858,-3.552],[111.822,-3.533],[111.834,-3.42],[111.836,-3.308],[111.823,-3.057],[111.809,-3.008],[111.76,-2.939],[111.695,-2.889],[111.658,-2.926],[111.625,-2.975],[111.495,-2.973],[111.368,-2.934],[111.259,-2.956],[111.044,-3.056],[110.93,-3.071],[110.869,-3.049],[110.83,-2.995],[110.852,-2.946],[110.899,-2.909],[110.811,-2.938],[110.736,-2.989],[110.703,-3.021],[110.668,-3.005],[110.574,-2.891],[110.378,-2.934],[110.351,-2.947],[110.303,-2.985],[110.256,-2.966],[110.233,-2.925],[110.224,-2.689],[110.124,-2.234],[110.097,-2.001],[110.075,-1.946],[109.96,-1.863],[109.964,-1.743],[110.023,-1.643],[110.036,-1.526],[110.019,-1.399],[109.983,-1.275],[109.938,-1.181],[109.873,-1.101],[109.787,-1.011],[109.682,-0.944],[109.454,-0.869],[109.333,-0.875],[109.289,-0.846],[109.259,-0.807],[109.271,-0.732],[109.312,-0.68],[109.366,-0.667],[109.373,-0.638],[109.257,-0.577],[109.161,-0.495],[109.13,-0.445],[109.121,-0.391],[109.122,-0.265],[109.15,-0.186],[109.165,-0.142],[109.195,-0.009],[109.258,0.031],[109.247,0.056],[109.22,0.074],[109.181,0.117],[109.149,0.168],[109.075,0.253],[108.945,0.356],[108.923,0.533],[108.906,0.794],[108.917,0.913],[108.959,1.135],[109.031,1.204],[109.088,1.224],[109.132,1.254],[109.096,1.258],[109.065,1.247],[109.01,1.24],[109.055,1.438],[109.076,1.496],[109.167,1.607],[109.273,1.705],[109.318,1.821],[109.379,1.923],[109.629,2.028]]],[[[101.708,2.078],[101.762,1.997],[101.774,1.943],[101.734,1.883],[101.719,1.789],[101.603,1.716],[101.501,1.733],[101.468,1.759],[101.403,1.901],[101.41,2.022],[101.45,2.068],[101.545,2.061],[101.641,2.127],[101.708,2.078]]],[[[102.427,0.99],[102.381,0.96],[102.325,1.007],[102.28,1.076],[102.255,1.147],[102.234,1.264],[102.229,1.348],[102.256,1.397],[102.276,1.395],[102.359,1.346],[102.413,1.261],[102.443,1.234],[102.449,1.156],[102.429,1.067],[102.427,0.99]]],[[[102.492,1.459],[102.499,1.331],[102.425,1.364],[102.367,1.415],[102.274,1.453],[102.161,1.465],[102.079,1.499],[102.021,1.558],[102.018,1.586],[102.024,1.608],[102.042,1.625],[102.47,1.51],[102.492,1.459]]],[[[103.028,0.747],[103.009,0.708],[102.971,0.737],[102.776,0.78],[102.711,0.784],[102.542,0.832],[102.49,0.857],[102.454,0.89],[102.466,0.95],[102.491,0.987],[102.507,1.089],[102.549,1.13],[102.633,1.054],[102.726,0.989],[102.78,0.959],[102.944,0.893],[103.002,0.859],[103.028,0.747]]],[[[103.166,0.87],[103.137,0.842],[103.087,0.848],[103.033,0.882],[102.964,0.943],[102.886,0.997],[102.788,1.031],[102.726,1.041],[102.702,1.054],[102.726,1.159],[102.79,1.165],[102.999,1.068],[103.068,1.015],[103.166,0.87]]],[[[103.284,0.542],[103.172,0.536],[103.14,0.549],[103.153,0.643],[103.187,0.7],[103.238,0.699],[103.295,0.614],[103.284,0.542]]],[[[103.45,0.664],[103.43,0.651],[103.344,0.778],[103.366,0.851],[103.386,0.87],[103.433,0.825],[103.47,0.778],[103.497,0.723],[103.45,0.664]]],[[[104.025,1.181],[104.088,1.137],[104.14,1.166],[104.138,1.128],[104.127,1.092],[104.066,0.99],[103.964,1.013],[103.94,1.046],[103.932,1.071],[103.947,1.087],[103.955,1.137],[104.0,1.137],[104.025,1.181]]],[[[104.585,1.216],[104.591,1.141],[104.648,1.105],[104.663,1.05],[104.653,0.961],[104.599,0.859],[104.575,0.832],[104.504,0.853],[104.481,0.887],[104.471,0.913],[104.481,0.933],[104.429,0.956],[104.462,0.996],[104.439,1.05],[104.294,1.016],[104.252,1.015],[104.244,1.077],[104.25,1.103],[104.362,1.181],[104.428,1.196],[104.5,1.18],[104.585,1.216]]],[[[104.779,-0.176],[104.808,-0.192],[104.843,-0.141],[104.909,-0.212],[104.95,-0.247],[105.005,-0.283],[104.951,-0.284],[104.929,-0.317],[104.914,-0.323],[104.702,-0.209],[104.567,-0.246],[104.474,-0.212],[104.447,-0.189],[104.497,-0.126],[104.543,0.018],[104.636,-0.018],[104.658,-0.063],[104.653,-0.076],[104.713,-0.103],[104.779,-0.176]]],[[[104.474,-0.335],[104.568,-0.432],[104.59,-0.467],[104.544,-0.521],[104.507,-0.597],[104.485,-0.613],[104.414,-0.584],[104.363,-0.659],[104.33,-0.539],[104.257,-0.463],[104.302,-0.386],[104.319,-0.38],[104.341,-0.383],[104.364,-0.403],[104.474,-0.335]]],[[[103.737,-0.348],[103.606,-0.383],[103.461,-0.358],[103.479,-0.297],[103.549,-0.228],[103.611,-0.231],[103.724,-0.277],[103.764,-0.318],[103.737,-0.348]]],[[[109.71,-1.181],[109.511,-1.283],[109.464,-1.278],[109.428,-1.241],[109.45,-1.044],[109.476,-0.985],[109.615,-0.979],[109.7,-1.007],[109.743,-1.039],[109.761,-1.105],[109.751,-1.145],[109.71,-1.181]]],[[[113.845,-7.105],[113.826,-7.12],[113.656,-7.112],[113.546,-7.193],[113.471,-7.218],[113.198,-7.218],[113.166,-7.207],[113.142,-7.208],[113.127,-7.224],[113.04,-7.212],[112.764,-7.14],[112.726,-7.073],[112.769,-7.001],[112.868,-6.9],[113.067,-6.88],[113.975,-6.873],[114.074,-6.96],[114.083,-6.989],[113.885,-7.049],[113.845,-7.105]]],[[[102.367,-5.479],[102.286,-5.483],[102.136,-5.361],[102.111,-5.323],[102.154,-5.286],[102.198,-5.289],[102.372,-5.366],[102.405,-5.405],[102.367,-5.479]]],[[[100.425,-3.183],[100.465,-3.329],[100.346,-3.229],[100.348,-3.159],[100.332,-3.113],[100.26,-3.057],[100.204,-2.987],[100.179,-2.82],[100.199,-2.786],[100.246,-2.783],[100.455,-3.002],[100.469,-3.039],[100.464,-3.117],[100.434,-3.141],[100.425,-3.183]]],[[[100.204,-2.741],[100.133,-2.821],[100.015,-2.82],[99.992,-2.77],[99.997,-2.649],[99.968,-2.61],[99.969,-2.594],[99.988,-2.525],[100.012,-2.51],[100.202,-2.68],[100.204,-2.741]]],[[[99.843,-2.343],[99.848,-2.37],[99.685,-2.282],[99.607,-2.258],[99.537,-2.162],[99.559,-2.115],[99.562,-2.051],[99.572,-2.026],[99.622,-2.017],[99.686,-2.063],[99.735,-2.178],[99.816,-2.284],[99.843,-2.343]]],[[[98.459,-0.53],[98.4,-0.577],[98.31,-0.532],[98.34,-0.468],[98.355,-0.379],[98.409,-0.309],[98.427,-0.226],[98.323,-0.001],[98.375,0.007],[98.415,-0.018],[98.484,-0.168],[98.544,-0.258],[98.52,-0.38],[98.459,-0.53]]],[[[96.464,2.36],[96.401,2.351],[96.341,2.372],[96.29,2.43],[96.022,2.596],[95.938,2.598],[95.88,2.641],[95.809,2.656],[95.733,2.767],[95.717,2.826],[95.772,2.855],[95.806,2.916],[95.896,2.889],[95.998,2.781],[96.102,2.741],[96.13,2.721],[96.18,2.661],[96.417,2.515],[96.443,2.466],[96.459,2.416],[96.464,2.36]]],[[[122.043,-5.438],[121.98,-5.465],[121.859,-5.35],[121.808,-5.256],[121.821,-5.203],[121.857,-5.156],[121.874,-5.145],[121.866,-5.096],[121.914,-5.072],[121.966,-5.076],[122.0,-5.141],[122.041,-5.159],[122.062,-5.221],[122.043,-5.438]]],[[[121.864,-0.407],[121.907,-0.451],[121.881,-0.503],[121.847,-0.49],[121.756,-0.491],[121.722,-0.495],[121.681,-0.525],[121.655,-0.526],[121.672,-0.479],[121.749,-0.407],[121.797,-0.418],[121.864,-0.407]]],[[[120.528,-6.298],[120.487,-6.465],[120.468,-6.406],[120.461,-6.254],[120.436,-6.18],[120.452,-6.095],[120.446,-5.876],[120.477,-5.775],[120.534,-5.904],[120.549,-5.969],[120.528,-6.298]]],[[[115.377,-6.971],[115.296,-6.988],[115.22,-6.953],[115.222,-6.905],[115.241,-6.861],[115.354,-6.838],[115.414,-6.84],[115.479,-6.87],[115.524,-6.902],[115.546,-6.939],[115.424,-6.941],[115.377,-6.971]]],[[[116.303,-3.868],[116.093,-4.054],[116.059,-4.007],[116.077,-3.817],[116.018,-3.7],[116.022,-3.612],[116.064,-3.458],[116.117,-3.34],[116.239,-3.26],[116.27,-3.251],[116.262,-3.395],[116.287,-3.449],[116.295,-3.495],[116.282,-3.535],[116.305,-3.719],[116.319,-3.763],[116.289,-3.821],[116.303,-3.868]]],[[[103.424,1.048],[103.43,0.993],[103.363,1.007],[103.315,1.071],[103.355,1.117],[103.38,1.134],[103.405,1.073],[103.424,1.048]]],[[[103.829,0.801],[103.834,0.772],[103.742,0.83],[103.74,0.872],[103.752,0.891],[103.807,0.846],[103.829,0.801]]],[[[104.239,0.834],[104.177,0.805],[104.098,0.896],[104.101,0.917],[104.108,0.934],[104.123,0.944],[104.171,0.897],[104.227,0.88],[104.239,0.834]]],[[[104.689,0.06],[104.698,0.035],[104.651,0.063],[104.622,0.08],[104.604,0.095],[104.499,0.232],[104.544,0.223],[104.66,0.103],[104.689,0.06]]],[[[106.285,3.157],[106.284,3.088],[106.215,3.129],[106.201,3.205],[106.224,3.23],[106.271,3.216],[106.285,3.157]]],[[[105.76,2.863],[105.719,2.859],[105.706,2.889],[105.708,2.94],[105.704,2.981],[105.692,3.011],[105.692,3.062],[105.731,3.037],[105.76,3.013],[105.795,2.996],[105.822,2.984],[105.837,2.977],[105.809,2.904],[105.76,2.863]]],[[[108.888,2.905],[108.839,2.853],[108.787,2.886],[108.867,2.992],[108.886,2.999],[108.888,2.905]]],[[[108.953,-1.62],[108.838,-1.662],[108.804,-1.568],[108.877,-1.54],[108.957,-1.564],[108.953,-1.62]]],[[[107.473,-2.9],[107.433,-2.925],[107.409,-2.901],[107.402,-2.873],[107.419,-2.838],[107.474,-2.835],[107.5,-2.845],[107.473,-2.9]]],[[[106.886,-3.005],[106.87,-3.025],[106.814,-3.014],[106.774,-2.987],[106.749,-2.96],[106.743,-2.933],[106.797,-2.899],[106.911,-2.934],[106.886,-3.005]]],[[[114.413,-7.133],[114.398,-7.173],[114.347,-7.163],[114.299,-7.098],[114.322,-7.08],[114.349,-7.073],[114.384,-7.081],[114.413,-7.133]]],[[[112.719,-5.811],[112.698,-5.846],[112.602,-5.844],[112.586,-5.804],[112.649,-5.731],[112.69,-5.726],[112.727,-5.753],[112.719,-5.811]]],[[[105.253,-6.64],[105.19,-6.662],[105.143,-6.643],[105.121,-6.615],[105.192,-6.546],[105.226,-6.529],[105.261,-6.524],[105.277,-6.561],[105.253,-6.64]]],[[[97.334,2.076],[97.328,2.053],[97.225,2.158],[97.108,2.217],[97.157,2.232],[97.253,2.216],[97.291,2.201],[97.329,2.149],[97.334,2.076]]],[[[95.362,5.812],[95.343,5.784],[95.283,5.799],[95.218,5.89],[95.242,5.907],[95.283,5.898],[95.359,5.877],[95.366,5.843],[95.362,5.812]]],[[[119.464,-8.741],[119.425,-8.75],[119.386,-8.736],[119.402,-8.647],[119.379,-8.587],[119.42,-8.539],[119.43,-8.455],[119.446,-8.429],[119.471,-8.456],[119.482,-8.473],[119.502,-8.481],[119.547,-8.483],[119.557,-8.519],[119.555,-8.553],[119.536,-8.589],[119.483,-8.628],[119.444,-8.672],[119.464,-8.741]]],[[[119.074,-8.239],[119.03,-8.24],[119.021,-8.2],[119.037,-8.158],[119.079,-8.14],[119.098,-8.139],[119.128,-8.177],[119.135,-8.197],[119.107,-8.223],[119.074,-8.239]]],[[[115.61,-8.77],[115.582,-8.804],[115.501,-8.743],[115.48,-8.715],[115.541,-8.675],[115.561,-8.67],[115.613,-8.713],[115.61,-8.77]]],[[[117.649,4.169],[117.745,4.167],[117.885,4.186],[117.918,4.091],[117.923,4.054],[117.737,4.004],[117.625,4.121],[117.649,4.169]]],[[[117.658,3.281],[117.646,3.248],[117.56,3.328],[117.537,3.386],[117.548,3.432],[117.637,3.436],[117.681,3.408],[117.658,3.281]]],[[[120.774,-7.119],[120.672,-7.125],[120.641,-7.116],[120.633,-7.018],[120.746,-7.06],[120.782,-7.063],[120.774,-7.119]]],[[[117.556,-8.367],[117.534,-8.368],[117.49,-8.349],[117.506,-8.307],[117.482,-8.239],[117.491,-8.183],[117.546,-8.152],[117.665,-8.148],[117.669,-8.189],[117.556,-8.367]]],[[[116.424,-3.464],[116.388,-3.637],[116.327,-3.539],[116.395,-3.423],[116.427,-3.4],[116.424,-3.464]]]]}},{"type":"Feature","properties":{"name":"India"},"geometry":{"type":"MultiPolygon","coordinates":[[[[68.165,23.857],[68.234,23.901],[68.283,23.928],[68.381,23.951],[68.489,23.967],[68.587,23.967],[68.724,23.965],[68.728,24.266],[68.74,24.292],[68.759,24.307],[68.781,24.314],[68.8,24.309],[68.828,24.264],[68.863,24.267],[68.901,24.292],[68.985,24.273],[69.052,24.286],[69.12,24.269],[69.235,24.268],[69.443,24.275],[69.559,24.273],[69.634,24.225],[69.716,24.173],[69.805,24.165],[69.934,24.171],[70.021,24.192],[70.065,24.241],[70.098,24.288],[70.289,24.356],[70.489,24.412],[70.547,24.418],[70.565,24.386],[70.556,24.331],[70.579,24.279],[70.659,24.246],[70.716,24.238],[70.767,24.245],[70.805,24.262],[70.886,24.344],[70.928,24.362],[70.983,24.361],[71.044,24.4],[71.045,24.43],[71.006,24.444],[70.973,24.487],[70.979,24.522],[70.97,24.572],[70.976,24.619],[71.002,24.654],[71.048,24.688],[71.021,24.758],[70.951,24.892],[70.878,25.063],[70.8,25.206],[70.703,25.331],[70.652,25.423],[70.657,25.626],[70.648,25.667],[70.615,25.692],[70.57,25.706],[70.506,25.685],[70.449,25.681],[70.325,25.686],[70.265,25.707],[70.1,25.91],[70.079,25.99],[70.078,26.072],[70.133,26.215],[70.149,26.348],[70.157,26.471],[70.148,26.506],[70.115,26.548],[70.059,26.579],[69.911,26.586],[69.736,26.627],[69.601,26.699],[69.507,26.743],[69.481,26.771],[69.47,26.804],[69.495,26.954],[69.537,27.123],[69.568,27.175],[69.622,27.228],[69.661,27.265],[69.725,27.313],[69.896,27.474],[70.05,27.695],[70.145,27.849],[70.194,27.895],[70.244,27.934],[70.318,27.982],[70.404,28.025],[70.489,28.023],[70.569,27.984],[70.629,27.937],[70.649,27.835],[70.692,27.769],[70.737,27.729],[70.798,27.71],[70.875,27.714],[71.185,27.832],[71.29,27.855],[71.543,27.87],[71.717,27.915],[71.87,27.962],[71.889,28.047],[71.948,28.177],[72.129,28.346],[72.179,28.422],[72.234,28.566],[72.292,28.697],[72.342,28.752],[72.626,28.896],[72.903,29.029],[72.949,29.089],[73.128,29.364],[73.231,29.551],[73.258,29.611],[73.317,29.773],[73.382,29.934],[73.467,29.972],[73.658,30.033],[73.809,30.093],[73.887,30.162],[73.933,30.222],[73.925,30.282],[73.883,30.352],[73.892,30.394],[73.899,30.435],[74.009,30.52],[74.216,30.769],[74.339,30.894],[74.38,30.893],[74.51,30.96],[74.633,31.035],[74.626,31.069],[74.61,31.113],[74.54,31.133],[74.518,31.186],[74.535,31.261],[74.594,31.465],[74.582,31.524],[74.51,31.713],[74.526,31.765],[74.556,31.819],[74.636,31.89],[74.739,31.949],[75.071,32.089],[75.139,32.105],[75.254,32.14],[75.325,32.215],[75.333,32.279],[75.303,32.319],[75.234,32.372],[75.104,32.42],[74.987,32.462],[74.789,32.458],[74.686,32.494],[74.658,32.519],[74.643,32.608],[74.663,32.758],[74.632,32.771],[74.588,32.753],[74.483,32.771],[74.355,32.769],[74.305,32.81],[74.33,32.861],[74.323,32.928],[74.304,32.992],[74.284,33.005],[74.222,33.02],[74.126,33.075],[74.049,33.143],[74.004,33.189],[73.99,33.221],[73.994,33.242],[74.05,33.301],[74.118,33.384],[74.143,33.455],[74.15,33.507],[74.131,33.545],[74.07,33.592],[74.004,33.632],[73.978,33.668],[73.976,33.721],[74.001,33.788],[74.078,33.839],[74.216,33.887],[74.251,33.946],[74.246,33.99],[74.209,34.003],[74.113,34.004],[73.95,34.019],[73.922,34.043],[73.904,34.076],[73.904,34.108],[73.938,34.145],[73.979,34.191],[73.972,34.237],[73.925,34.288],[73.81,34.325],[73.795,34.378],[73.812,34.422],[73.85,34.485],[73.883,34.529],[73.961,34.653],[74.056,34.681],[74.172,34.721],[74.3,34.765],[74.498,34.732],[74.594,34.716],[74.789,34.678],[74.952,34.646],[75.118,34.637],[75.188,34.639],[75.264,34.601],[75.453,34.537],[75.606,34.503],[75.709,34.503],[75.862,34.56],[75.938,34.613],[76.041,34.67],[76.172,34.668],[76.457,34.756],[76.51,34.741],[76.594,34.736],[76.696,34.787],[76.749,34.848],[76.758,34.878],[76.783,34.9],[76.892,34.939],[77.001,34.992],[77.031,35.062],[77.049,35.11],[77.169,35.172],[77.293,35.236],[77.423,35.303],[77.572,35.379],[77.697,35.443],[77.799,35.496],[77.803,35.493],[77.811,35.485],[77.852,35.461],[77.895,35.449],[77.946,35.472],[78.009,35.49],[78.043,35.48],[78.047,35.449],[78.009,35.307],[78.012,35.251],[78.076,35.135],[78.158,34.946],[78.236,34.77],[78.282,34.654],[78.327,34.606],[78.516,34.558],[78.671,34.518],[78.763,34.453],[78.865,34.39],[78.936,34.352],[78.97,34.303],[78.977,34.258],[78.971,34.228],[78.932,34.189],[78.753,34.088],[78.732,34.056],[78.727,34.013],[78.762,33.888],[78.784,33.809],[78.79,33.65],[78.802,33.5],[78.865,33.431],[78.917,33.387],[78.948,33.347],[79.013,33.291],[79.067,33.25],[79.112,33.226],[79.135,33.172],[79.122,33.108],[79.103,33.053],[79.109,33.023],[79.146,33.001],[79.202,32.946],[79.21,32.865],[79.206,32.809],[79.228,32.759],[79.234,32.703],[79.217,32.564],[79.219,32.508],[79.219,32.501],[79.17,32.497],[79.127,32.476],[79.067,32.388],[78.998,32.365],[78.919,32.358],[78.838,32.412],[78.771,32.468],[78.754,32.499],[78.737,32.558],[78.701,32.597],[78.632,32.579],[78.526,32.571],[78.412,32.558],[78.392,32.545],[78.39,32.52],[78.417,32.467],[78.441,32.397],[78.455,32.3],[78.486,32.236],[78.496,32.216],[78.678,32.023],[78.726,31.984],[78.735,31.958],[78.72,31.888],[78.687,31.806],[78.693,31.74],[78.754,31.668],[78.803,31.618],[78.755,31.55],[78.727,31.472],[78.759,31.437],[78.744,31.324],[78.758,31.302],[78.792,31.294],[78.845,31.302],[78.9,31.331],[78.946,31.337],[78.974,31.329],[79.011,31.414],[79.044,31.426],[79.107,31.403],[79.233,31.242],[79.339,31.106],[79.37,31.08],[79.388,31.064],[79.493,30.994],[79.565,30.949],[79.664,30.965],[79.795,30.968],[79.872,30.925],[79.917,30.894],[79.919,30.89],[79.925,30.889],[80.081,30.782],[80.149,30.79],[80.194,30.759],[80.207,30.684],[80.186,30.605],[80.191,30.568],[80.261,30.561],[80.41,30.509],[80.541,30.464],[80.609,30.449],[80.682,30.415],[80.747,30.36],[80.874,30.291],[80.985,30.237],[81.01,30.165],[80.966,30.18],[80.908,30.172],[80.848,30.14],[80.82,30.119],[80.684,29.994],[80.613,29.956],[80.549,29.9],[80.402,29.73],[80.317,29.572],[80.255,29.423],[80.256,29.318],[80.233,29.195],[80.17,29.124],[80.13,29.1],[80.085,28.994],[80.052,28.87],[80.071,28.83],[80.15,28.776],[80.227,28.723],[80.325,28.666],[80.419,28.612],[80.479,28.605],[80.496,28.636],[80.518,28.665],[80.587,28.65],[80.671,28.596],[80.726,28.554],[80.751,28.54],[80.896,28.469],[81.017,28.41],[81.169,28.335],[81.206,28.289],[81.239,28.241],[81.311,28.176],[81.486,28.062],[81.636,27.98],[81.757,27.914],[81.853,27.867],[81.897,27.874],[81.945,27.899],[81.988,27.914],[82.037,27.901],[82.112,27.865],[82.288,27.757],[82.451,27.672],[82.63,27.687],[82.677,27.673],[82.711,27.597],[82.733,27.519],[82.933,27.468],[83.064,27.445],[83.214,27.402],[83.29,27.371],[83.369,27.41],[83.384,27.445],[83.447,27.465],[83.552,27.456],[83.747,27.396],[83.829,27.378],[83.897,27.435],[84.025,27.462],[84.091,27.491],[84.23,27.428],[84.481,27.348],[84.61,27.299],[84.641,27.25],[84.655,27.204],[84.654,27.092],[84.685,27.041],[84.937,26.927],[85.02,26.879],[85.087,26.863],[85.125,26.861],[85.152,26.847],[85.174,26.782],[85.192,26.767],[85.24,26.75],[85.293,26.741],[85.456,26.797],[85.568,26.84],[85.648,26.829],[85.7,26.782],[85.707,26.713],[85.737,26.64],[85.795,26.604],[85.856,26.6],[86.007,26.649],[86.129,26.612],[86.242,26.598],[86.366,26.574],[86.414,26.556],[86.544,26.496],[86.701,26.435],[86.763,26.442],[87.016,26.555],[87.038,26.542],[87.09,26.433],[87.167,26.394],[87.287,26.36],[87.414,26.423],[87.513,26.405],[87.633,26.399],[87.749,26.429],[87.849,26.437],[87.995,26.382],[88.027,26.395],[88.055,26.43],[88.112,26.586],[88.162,26.725],[88.157,26.807],[88.111,26.928],[87.993,27.086],[87.984,27.134],[88.024,27.409],[88.068,27.567],[88.106,27.642],[88.147,27.749],[88.154,27.799],[88.15,27.843],[88.11,27.871],[88.099,27.905],[88.109,27.933],[88.141,27.949],[88.275,27.969],[88.426,28.012],[88.486,28.034],[88.532,28.057],[88.578,28.093],[88.621,28.092],[88.756,28.04],[88.804,28.007],[88.829,27.907],[88.849,27.869],[88.83,27.767],[88.749,27.522],[88.765,27.43],[88.833,27.363],[88.891,27.316],[88.882,27.297],[88.76,27.218],[88.739,27.176],[88.766,27.134],[88.814,27.099],[88.835,27.066],[88.858,26.961],[88.919,26.932],[89.041,26.865],[89.148,26.816],[89.332,26.849],[89.384,26.827],[89.475,26.803],[89.545,26.796],[89.586,26.779],[89.609,26.762],[89.606,26.741],[89.61,26.719],[89.711,26.714],[89.764,26.702],[89.943,26.724],[90.123,26.755],[90.206,26.848],[90.242,26.854],[90.346,26.89],[90.448,26.851],[90.56,26.797],[90.62,26.78],[90.74,26.772],[90.856,26.778],[91.134,26.803],[91.287,26.79],[91.427,26.867],[91.456,26.867],[91.518,26.807],[91.672,26.802],[91.754,26.831],[91.842,26.853],[91.899,26.86],[91.944,26.861],[91.998,26.855],[92.05,26.875],[92.073,26.915],[92.068,26.975],[92.031,27.041],[91.999,27.079],[91.992,27.1],[92.003,27.147],[92.031,27.214],[92.083,27.291],[92.045,27.365],[91.991,27.45],[91.951,27.458],[91.851,27.439],[91.743,27.443],[91.658,27.494],[91.595,27.558],[91.579,27.611],[91.598,27.677],[91.626,27.737],[91.632,27.76],[91.713,27.76],[91.825,27.746],[91.909,27.73],[91.978,27.73],[92.101,27.808],[92.158,27.812],[92.222,27.827],[92.25,27.842],[92.27,27.83],[92.341,27.821],[92.415,27.825],[92.481,27.846],[92.547,27.879],[92.664,27.949],[92.688,27.989],[92.688,28.026],[92.666,28.05],[92.643,28.062],[92.653,28.093],[92.702,28.147],[92.882,28.228],[93.035,28.328],[93.119,28.402],[93.158,28.493],[93.207,28.591],[93.252,28.629],[93.361,28.654],[93.665,28.69],[93.761,28.73],[93.902,28.803],[93.974,28.861],[94.013,28.908],[94.018,28.96],[94.112,28.976],[94.193,29.06],[94.293,29.145],[94.468,29.216],[94.623,29.312],[94.677,29.297],[94.733,29.252],[94.763,29.201],[94.769,29.176],[94.967,29.144],[94.999,29.149],[95.145,29.104],[95.279,29.05],[95.353,29.036],[95.389,29.037],[95.42,29.054],[95.457,29.102],[95.494,29.137],[95.517,29.151],[95.516,29.206],[95.71,29.314],[95.885,29.391],[96.035,29.447],[96.08,29.424],[96.129,29.381],[96.195,29.272],[96.235,29.246],[96.337,29.261],[96.356,29.249],[96.34,29.21],[96.271,29.161],[96.181,29.118],[96.122,29.082],[96.141,28.963],[96.137,28.923],[96.162,28.91],[96.347,29.027],[96.436,29.051],[96.467,29.022],[96.477,28.959],[96.55,28.83],[96.581,28.764],[96.396,28.607],[96.327,28.525],[96.33,28.497],[96.326,28.469],[96.279,28.428],[96.281,28.412],[96.32,28.387],[96.366,28.367],[96.389,28.368],[96.428,28.406],[96.603,28.46],[96.653,28.45],[96.776,28.367],[96.833,28.362],[96.981,28.338],[97.075,28.369],[97.145,28.34],[97.289,28.237],[97.322,28.218],[97.31,28.155],[97.303,28.086],[97.339,28.031],[97.344,27.982],[97.335,27.938],[97.306,27.907],[97.226,27.89],[97.158,27.837],[97.05,27.76],[96.963,27.698],[96.9,27.644],[96.877,27.587],[96.884,27.515],[96.902,27.44],[97.104,27.163],[97.102,27.115],[97.038,27.102],[96.953,27.133],[96.88,27.178],[96.798,27.296],[96.732,27.331],[96.666,27.339],[96.274,27.278],[96.191,27.261],[96.061,27.217],[95.971,27.128],[95.905,27.047],[95.837,27.014],[95.738,26.95],[95.464,26.756],[95.305,26.672],[95.201,26.641],[95.129,26.597],[95.089,26.525],[95.06,26.474],[95.051,26.347],[95.069,26.191],[95.108,26.091],[95.129,26.07],[95.132,26.041],[95.093,25.987],[95.041,25.941],[95.015,25.913],[94.992,25.77],[94.946,25.7],[94.861,25.597],[94.786,25.519],[94.668,25.459],[94.623,25.41],[94.58,25.32],[94.554,25.243],[94.553,25.216],[94.567,25.192],[94.616,25.165],[94.675,25.139],[94.704,25.098],[94.708,25.049],[94.663,24.931],[94.584,24.767],[94.493,24.638],[94.399,24.514],[94.377,24.474],[94.293,24.322],[94.22,24.113],[94.17,23.973],[94.128,23.876],[94.075,23.872],[94.011,23.903],[93.855,23.944],[93.756,23.977],[93.683,24.007],[93.633,24.005],[93.564,23.986],[93.494,23.973],[93.452,23.987],[93.356,24.074],[93.326,24.064],[93.307,24.022],[93.373,23.774],[93.415,23.682],[93.408,23.528],[93.391,23.339],[93.366,23.133],[93.349,23.085],[93.308,23.03],[93.254,23.015],[93.204,23.037],[93.164,23.032],[93.151,22.997],[93.162,22.908],[93.114,22.806],[93.079,22.718],[93.088,22.633],[93.105,22.547],[93.162,22.36],[93.162,22.292],[93.151,22.231],[93.121,22.205],[93.071,22.209],[93.043,22.184],[93.022,22.146],[92.965,22.004],[92.909,21.989],[92.854,22.01],[92.771,22.105],[92.721,22.132],[92.689,22.131],[92.675,22.106],[92.653,22.049],[92.63,22.011],[92.575,21.978],[92.561,22.048],[92.532,22.41],[92.51,22.526],[92.491,22.685],[92.464,22.734],[92.43,22.822],[92.393,22.897],[92.362,22.929],[92.341,23.07],[92.334,23.242],[92.334,23.324],[92.289,23.492],[92.246,23.684],[92.187,23.676],[92.152,23.722],[92.127,23.721],[92.044,23.678],[91.979,23.692],[91.93,23.686],[91.929,23.598],[91.938,23.505],[91.919,23.471],[91.79,23.361],[91.754,23.287],[91.758,23.21],[91.774,23.106],[91.751,23.054],[91.695,23.005],[91.62,22.98],[91.554,22.992],[91.511,23.034],[91.471,23.141],[91.436,23.2],[91.399,23.214],[91.371,23.198],[91.367,23.13],[91.369,23.075],[91.359,23.068],[91.339,23.077],[91.315,23.104],[91.254,23.374],[91.166,23.581],[91.16,23.661],[91.192,23.763],[91.232,23.92],[91.336,24.019],[91.35,24.06],[91.367,24.094],[91.393,24.1],[91.526,24.091],[91.571,24.107],[91.611,24.153],[91.669,24.19],[91.727,24.205],[91.772,24.211],[91.846,24.175],[91.877,24.195],[91.899,24.261],[91.931,24.326],[91.952,24.357],[92.001,24.371],[92.064,24.374],[92.085,24.386],[92.102,24.408],[92.117,24.494],[92.198,24.686],[92.227,24.771],[92.231,24.786],[92.228,24.881],[92.251,24.895],[92.385,24.849],[92.443,24.849],[92.475,24.869],[92.485,24.903],[92.468,24.944],[92.373,25.015],[92.205,25.111],[92.05,25.169],[91.763,25.161],[91.48,25.142],[91.397,25.152],[91.293,25.178],[91.038,25.174],[90.73,25.159],[90.613,25.168],[90.555,25.167],[90.439,25.158],[90.25,25.185],[90.12,25.22],[90.004,25.258],[89.866,25.293],[89.833,25.293],[89.814,25.305],[89.801,25.336],[89.796,25.376],[89.825,25.56],[89.8,25.84],[89.823,25.941],[89.71,26.171],[89.671,26.214],[89.619,26.216],[89.586,26.186],[89.573,26.132],[89.591,26.072],[89.55,26.005],[89.467,25.984],[89.37,26.006],[89.289,26.038],[89.186,26.106],[89.108,26.202],[89.102,26.308],[89.067,26.377],[89.019,26.41],[88.983,26.42],[88.952,26.412],[88.924,26.375],[88.948,26.338],[88.982,26.286],[88.97,26.251],[88.941,26.245],[88.896,26.26],[88.828,26.252],[88.762,26.279],[88.722,26.282],[88.683,26.292],[88.681,26.353],[88.62,26.431],[88.518,26.518],[88.418,26.572],[88.37,26.564],[88.346,26.505],[88.351,26.483],[88.386,26.472],[88.437,26.437],[88.448,26.401],[88.44,26.369],[88.378,26.312],[88.334,26.258],[88.235,26.178],[88.151,26.087],[88.129,26.018],[88.097,25.956],[88.085,25.888],[88.107,25.841],[88.147,25.811],[88.253,25.79],[88.363,25.698],[88.452,25.574],[88.502,25.537],[88.593,25.495],[88.769,25.49],[88.795,25.456],[88.82,25.366],[88.855,25.334],[88.944,25.291],[88.952,25.259],[88.93,25.223],[88.89,25.194],[88.817,25.176],[88.748,25.169],[88.678,25.18],[88.574,25.188],[88.456,25.188],[88.373,24.962],[88.313,24.882],[88.279,24.882],[88.189,24.921],[88.15,24.915],[88.045,24.713],[88.03,24.664],[88.023,24.628],[88.079,24.55],[88.146,24.486],[88.225,24.461],[88.287,24.48],[88.338,24.454],[88.397,24.389],[88.499,24.347],[88.642,24.326],[88.724,24.275],[88.734,24.231],[88.727,24.186],[88.714,24.07],[88.7,24.003],[88.623,23.826],[88.567,23.674],[88.596,23.602],[88.616,23.573],[88.636,23.55],[88.698,23.493],[88.741,23.437],[88.704,23.293],[88.724,23.255],[88.808,23.23],[88.897,23.21],[88.928,23.187],[88.851,23.041],[88.867,22.939],[88.9,22.844],[88.923,22.688],[88.927,22.671],[88.921,22.632],[88.971,22.511],[89.05,22.275],[89.056,22.186],[89.051,22.093],[89.028,21.937],[88.949,21.938],[89.02,21.834],[89.042,21.759],[89.052,21.654],[88.967,21.641],[88.907,21.653],[88.858,21.745],[88.834,21.661],[88.745,21.584],[88.713,21.622],[88.695,21.662],[88.691,21.733],[88.74,22.005],[88.73,22.036],[88.708,22.056],[88.66,22.067],[88.642,22.122],[88.567,21.832],[88.6,21.714],[88.585,21.66],[88.446,21.614],[88.305,21.723],[88.287,21.758],[88.279,21.697],[88.254,21.622],[88.122,21.636],[88.057,21.694],[88.099,21.794],[88.181,22.033],[88.196,22.14],[88.087,22.218],[87.994,22.266],[87.941,22.374],[87.962,22.255],[88.011,22.213],[88.083,22.183],[88.159,22.122],[88.104,22.047],[88.051,22.001],[87.948,21.825],[87.824,21.727],[87.678,21.654],[87.201,21.545],[87.101,21.501],[86.954,21.365],[86.86,21.237],[86.842,21.106],[86.896,20.966],[86.939,20.745],[86.975,20.7],[86.925,20.62],[86.836,20.534],[86.763,20.419],[86.769,20.356],[86.75,20.313],[86.499,20.172],[86.446,20.089],[86.377,20.007],[86.294,20.054],[86.245,20.053],[86.312,19.988],[86.303,19.945],[86.279,19.919],[86.216,19.896],[85.853,19.792],[85.575,19.693],[85.497,19.697],[85.511,19.727],[85.56,19.753],[85.555,19.867],[85.504,19.888],[85.46,19.896],[85.249,19.758],[85.163,19.621],[85.181,19.595],[85.229,19.601],[85.371,19.679],[85.437,19.657],[85.442,19.627],[85.226,19.508],[84.771,19.125],[84.75,19.05],[84.691,18.965],[84.609,18.884],[84.463,18.69],[84.182,18.401],[84.104,18.293],[83.654,18.07],[83.572,18.004],[83.388,17.787],[83.198,17.609],[82.977,17.462],[82.593,17.274],[82.36,17.096],[82.287,16.978],[82.282,16.936],[82.307,16.879],[82.35,16.825],[82.36,16.783],[82.339,16.707],[82.327,16.664],[82.259,16.56],[82.142,16.485],[81.762,16.329],[81.712,16.334],[81.402,16.365],[81.286,16.337],[81.239,16.264],[81.132,15.962],[81.03,15.881],[80.993,15.809],[80.979,15.758],[80.918,15.76],[80.865,15.782],[80.826,15.766],[80.782,15.867],[80.708,15.888],[80.647,15.895],[80.385,15.793],[80.293,15.711],[80.101,15.324],[80.053,15.074],[80.099,14.798],[80.165,14.578],[80.179,14.478],[80.17,14.349],[80.136,14.287],[80.112,14.212],[80.144,14.059],[80.224,13.858],[80.244,13.773],[80.246,13.686],[80.307,13.485],[80.266,13.521],[80.233,13.606],[80.156,13.714],[80.062,13.606],[80.114,13.529],[80.29,13.437],[80.342,13.361],[80.229,12.69],[80.143,12.452],[80.037,12.296],[79.982,12.235],[79.858,11.989],[79.771,11.69],[79.754,11.575],[79.793,11.447],[79.749,11.371],[79.693,11.313],[79.799,11.339],[79.835,11.269],[79.849,11.197],[79.85,10.769],[79.838,10.323],[79.757,10.304],[79.667,10.3],[79.589,10.312],[79.532,10.33],[79.391,10.306],[79.315,10.257],[79.254,10.175],[79.258,10.035],[78.996,9.683],[78.94,9.566],[78.919,9.453],[78.953,9.394],[79.02,9.333],[79.107,9.309],[79.275,9.285],[79.356,9.252],[79.411,9.192],[79.213,9.256],[78.98,9.269],[78.421,9.105],[78.275,8.99],[78.192,8.891],[78.136,8.663],[78.126,8.511],[78.06,8.385],[77.77,8.19],[77.587,8.13],[77.518,8.078],[77.301,8.145],[77.066,8.316],[76.967,8.407],[76.617,8.847],[76.553,8.903],[76.483,9.091],[76.472,9.161],[76.452,9.189],[76.419,9.208],[76.403,9.237],[76.325,9.452],[76.292,9.676],[76.242,9.927],[76.285,9.91],[76.343,9.827],[76.372,9.707],[76.376,9.54],[76.42,9.52],[76.459,9.536],[76.346,9.922],[76.249,10.018],[76.223,10.024],[76.196,10.086],[76.193,10.164],[76.201,10.201],[76.123,10.327],[76.096,10.402],[75.923,10.784],[75.845,11.058],[75.724,11.362],[75.646,11.468],[75.525,11.703],[75.423,11.812],[75.315,11.958],[75.23,12.023],[75.197,12.058],[74.946,12.565],[74.868,12.845],[74.803,12.977],[74.771,13.077],[74.682,13.507],[74.682,13.584],[74.671,13.668],[74.608,13.85],[74.499,14.046],[74.467,14.169],[74.467,14.217],[74.397,14.407],[74.382,14.495],[74.335,14.575],[74.28,14.65],[74.223,14.709],[74.089,14.902],[74.041,14.949],[73.949,15.075],[73.884,15.306],[73.801,15.397],[73.932,15.397],[73.852,15.482],[73.814,15.539],[73.772,15.573],[73.833,15.659],[73.733,15.657],[73.68,15.709],[73.608,15.871],[73.476,16.054],[73.454,16.152],[73.338,16.46],[73.239,17.199],[73.149,17.527],[73.156,17.622],[73.047,17.907],[72.994,18.098],[72.972,18.259],[72.943,18.366],[72.917,18.576],[72.875,18.643],[72.871,18.683],[72.899,18.779],[72.977,18.927],[73.006,19.021],[72.972,19.153],[72.901,19.015],[72.835,18.976],[72.803,19.079],[72.803,19.219],[72.795,19.252],[72.812,19.299],[72.987,19.277],[72.788,19.363],[72.764,19.413],[72.756,19.451],[72.799,19.52],[72.727,19.578],[72.697,19.757],[72.676,19.798],[72.668,19.831],[72.709,20.078],[72.881,20.563],[72.894,20.673],[72.879,20.829],[72.841,20.952],[72.824,21.084],[72.814,21.117],[72.752,21.129],[72.692,21.178],[72.624,21.372],[72.687,21.436],[72.735,21.471],[72.668,21.456],[72.613,21.462],[72.718,21.551],[72.811,21.62],[73.022,21.7],[73.112,21.75],[72.979,21.705],[72.84,21.687],[72.543,21.697],[72.592,21.878],[72.644,21.938],[72.7,21.972],[72.617,21.962],[72.522,21.976],[72.553,22.16],[72.628,22.2],[72.709,22.207],[72.809,22.233],[72.702,22.264],[72.59,22.278],[72.456,22.248],[72.333,22.27],[72.183,22.27],[72.243,22.245],[72.306,22.189],[72.274,22.09],[72.244,22.028],[72.162,21.985],[72.094,21.92],[72.076,21.863],[72.037,21.823],[72.103,21.795],[72.171,21.774],[72.21,21.728],[72.257,21.661],[72.254,21.531],[72.077,21.224],[72.015,21.156],[71.571,20.971],[71.396,20.87],[71.025,20.739],[70.88,20.715],[70.719,20.74],[70.485,20.84],[70.127,21.095],[70.034,21.179],[69.748,21.506],[69.542,21.679],[69.385,21.84],[69.192,21.992],[69.009,22.197],[68.97,22.29],[68.983,22.385],[69.052,22.437],[69.131,22.416],[69.194,22.336],[69.239,22.3],[69.277,22.285],[69.549,22.408],[69.655,22.404],[69.728,22.465],[69.819,22.452],[70.006,22.548],[70.084,22.554],[70.177,22.573],[70.328,22.816],[70.44,22.97],[70.513,23.002],[70.509,23.04],[70.489,23.09],[70.435,23.077],[70.396,23.03],[70.368,22.973],[70.339,22.94],[70.251,22.971],[70.192,22.966],[70.118,22.947],[69.85,22.856],[69.74,22.775],[69.665,22.759],[69.236,22.849],[68.817,23.054],[68.641,23.19],[68.529,23.364],[68.417,23.571],[68.454,23.629],[68.627,23.754],[68.777,23.852],[68.642,23.808],[68.497,23.748],[68.425,23.706],[68.343,23.617],[68.235,23.597],[68.192,23.729],[68.165,23.857]]],[[[93.89,6.831],[93.829,6.749],[93.709,7.001],[93.658,7.016],[93.656,7.136],[93.684,7.184],[93.822,7.237],[93.859,7.207],[93.93,6.973],[93.89,6.831]]],[[[93.734,7.356],[93.638,7.262],[93.597,7.319],[93.614,7.358],[93.655,7.38],[93.692,7.411],[93.734,7.356]]],[[[93.141,8.25],[93.171,8.212],[93.115,8.219],[93.064,8.275],[93.078,8.328],[93.097,8.349],[93.141,8.25]]],[[[93.443,7.878],[93.365,7.877],[93.342,7.919],[93.309,7.964],[93.334,8.007],[93.375,8.018],[93.434,7.948],[93.447,7.899],[93.443,7.878]]],[[[93.537,8.057],[93.49,8.019],[93.478,8.024],[93.472,8.053],[93.47,8.073],[93.461,8.109],[93.456,8.172],[93.494,8.225],[93.532,8.214],[93.512,8.16],[93.537,8.057]]],[[[92.787,9.137],[92.744,9.131],[92.717,9.165],[92.713,9.205],[92.739,9.231],[92.762,9.244],[92.786,9.241],[92.809,9.173],[92.787,9.137]]],[[[92.503,10.555],[92.473,10.521],[92.37,10.547],[92.377,10.651],[92.353,10.751],[92.371,10.794],[92.448,10.866],[92.51,10.897],[92.554,10.8],[92.574,10.704],[92.503,10.555]]],[[[92.693,11.381],[92.645,11.361],[92.596,11.386],[92.634,11.427],[92.64,11.509],[92.69,11.463],[92.687,11.411],[92.693,11.381]]],[[[92.723,11.536],[92.701,11.513],[92.668,11.539],[92.576,11.718],[92.56,11.833],[92.534,11.873],[92.567,11.931],[92.608,11.95],[92.632,12.014],[92.641,12.112],[92.676,12.192],[92.695,12.215],[92.769,12.216],[92.788,12.226],[92.778,12.303],[92.734,12.336],[92.719,12.357],[92.721,12.541],[92.732,12.616],[92.759,12.669],[92.74,12.78],[92.753,12.821],[92.807,12.879],[92.831,13.003],[92.809,13.04],[92.86,13.231],[92.857,13.358],[92.925,13.486],[93.029,13.544],[93.062,13.545],[93.067,13.436],[93.077,13.401],[93.016,13.336],[93.074,13.252],[93.066,13.222],[93.043,13.155],[93.005,13.089],[92.951,13.062],[92.91,12.975],[92.886,12.942],[92.965,12.85],[92.99,12.539],[92.933,12.453],[92.864,12.436],[92.879,12.228],[92.867,12.181],[92.799,12.079],[92.786,12.035],[92.748,11.993],[92.764,11.94],[92.797,11.918],[92.798,11.875],[92.767,11.765],[92.765,11.639],[92.723,11.536]]],[[[93.017,12.037],[93.062,11.899],[92.982,11.959],[92.955,12.002],[92.996,12.032],[93.017,12.037]]],[[[92.718,12.865],[92.686,12.8],[92.68,12.939],[92.694,12.957],[92.711,12.962],[92.731,12.949],[92.718,12.865]]]]}},{"type":"Feature","properties":{"name":"Cambodia"},"geometry":{"type":"MultiPolygon","coordinates":[[[[103.045,11.285],[103.027,11.275],[103.011,11.276],[102.993,11.29],[102.995,11.348],[103.008,11.383],[103.037,11.39],[103.045,11.285]]],[[[103.318,10.719],[103.281,10.68],[103.223,10.76],[103.223,10.782],[103.318,10.719]]],[[[107.519,14.705],[107.535,14.65],[107.493,14.546],[107.448,14.451],[107.364,14.369],[107.36,14.308],[107.331,14.127],[107.343,14.069],[107.362,14.019],[107.389,13.993],[107.462,13.816],[107.529,13.654],[107.594,13.522],[107.605,13.438],[107.546,13.225],[107.475,13.03],[107.482,12.933],[107.512,12.836],[107.544,12.706],[107.555,12.54],[107.538,12.432],[107.506,12.365],[107.446,12.296],[107.393,12.26],[107.33,12.319],[107.28,12.322],[107.212,12.304],[107.159,12.277],[107.051,12.176],[106.931,12.077],[106.765,12.052],[106.7,11.979],[106.631,11.969],[106.5,11.966],[106.414,11.948],[106.418,11.912],[106.411,11.738],[106.412,11.698],[106.399,11.687],[106.34,11.682],[106.239,11.708],[106.103,11.751],[106.006,11.758],[105.956,11.682],[105.927,11.653],[105.89,11.648],[105.851,11.635],[105.838,11.601],[105.835,11.559],[105.854,11.487],[105.861,11.372],[105.856,11.294],[105.892,11.245],[106.1,11.079],[106.161,11.037],[106.168,11.012],[106.132,10.922],[106.164,10.795],[106.099,10.797],[105.99,10.852],[105.938,10.885],[105.875,10.858],[105.853,10.864],[105.811,10.926],[105.755,10.99],[105.698,10.994],[105.577,10.969],[105.453,10.951],[105.406,10.952],[105.387,10.94],[105.315,10.845],[105.284,10.861],[105.159,10.898],[105.046,10.911],[105.022,10.887],[105.036,10.809],[105.061,10.734],[105.046,10.702],[104.984,10.662],[104.901,10.59],[104.851,10.534],[104.815,10.521],[104.69,10.523],[104.564,10.516],[104.514,10.463],[104.467,10.422],[104.426,10.411],[104.262,10.541],[103.937,10.587],[103.902,10.644],[103.871,10.655],[103.841,10.581],[103.662,10.509],[103.587,10.552],[103.532,10.605],[103.54,10.669],[103.592,10.721],[103.681,10.759],[103.722,10.89],[103.654,11.059],[103.595,11.108],[103.532,11.147],[103.467,11.084],[103.411,10.977],[103.354,10.922],[103.272,10.909],[103.153,10.914],[103.106,11.074],[103.091,11.211],[103.107,11.368],[103.125,11.461],[103.011,11.589],[103.004,11.711],[102.949,11.773],[102.932,11.742],[102.934,11.707],[102.918,11.732],[102.737,12.09],[102.706,12.256],[102.737,12.383],[102.756,12.426],[102.703,12.494],[102.63,12.57],[102.5,12.67],[102.491,12.828],[102.462,13.015],[102.423,13.078],[102.363,13.193],[102.331,13.288],[102.32,13.54],[102.336,13.56],[102.429,13.568],[102.547,13.586],[102.566,13.626],[102.545,13.66],[102.62,13.717],[102.729,13.842],[102.813,13.972],[102.873,14.055],[102.909,14.137],[103.031,14.253],[103.199,14.333],[103.313,14.351],[103.432,14.379],[103.546,14.417],[103.6,14.421],[103.742,14.374],[103.818,14.362],[103.899,14.363],[103.982,14.358],[104.054,14.363],[104.228,14.396],[104.412,14.37],[104.576,14.39],[104.779,14.428],[104.879,14.404],[104.97,14.366],[104.982,14.289],[105.003,14.254],[105.034,14.227],[105.074,14.227],[105.126,14.281],[105.169,14.336],[105.183,14.346],[105.186,14.319],[105.207,14.259],[105.246,14.201],[105.285,14.161],[105.35,14.11],[105.393,14.107],[105.532,14.156],[105.74,14.085],[105.764,14.049],[105.831,13.977],[105.904,13.925],[106.067,13.921],[106.125,14.049],[106.097,14.127],[106.004,14.263],[105.979,14.343],[106.008,14.357],[106.165,14.372],[106.191,14.388],[106.225,14.476],[106.268,14.466],[106.355,14.455],[106.447,14.515],[106.501,14.578],[106.531,14.549],[106.564,14.505],[106.599,14.479],[106.665,14.441],[106.738,14.388],[106.783,14.335],[106.82,14.315],[106.913,14.329],[106.938,14.327],[106.992,14.391],[107.03,14.426],[107.062,14.416],[107.109,14.417],[107.207,14.498],[107.262,14.572],[107.293,14.592],[107.38,14.555],[107.415,14.563],[107.465,14.665],[107.519,14.705]]]]}},{"type":"Feature","properties":{"name":"Myanmar"},"geometry":{"type":"MultiPolygon","coordinates":[[[[100.122,20.317],[100.004,20.38],[99.954,20.415],[99.89,20.424],[99.825,20.384],[99.773,20.341],[99.72,20.325],[99.639,20.32],[99.532,20.343],[99.459,20.363],[99.448,20.352],[99.487,20.261],[99.502,20.188],[99.486,20.15],[99.452,20.118],[99.399,20.093],[99.338,20.079],[99.284,20.08],[99.197,20.115],[99.131,20.117],[99.074,20.099],[99.04,20.074],[99.021,20.042],[98.987,19.861],[98.958,19.805],[98.917,19.773],[98.876,19.77],[98.82,19.778],[98.761,19.771],[98.494,19.701],[98.455,19.694],[98.371,19.689],[98.294,19.687],[98.239,19.691],[98.111,19.762],[98.049,19.77],[98.015,19.75],[97.991,19.654],[97.916,19.593],[97.817,19.46],[97.794,19.266],[97.804,19.13],[97.714,18.996],[97.706,18.932],[97.754,18.621],[97.746,18.588],[97.728,18.572],[97.672,18.561],[97.577,18.529],[97.515,18.498],[97.485,18.494],[97.397,18.518],[97.374,18.518],[97.381,18.494],[97.451,18.36],[97.524,18.296],[97.599,18.303],[97.632,18.29],[97.622,18.258],[97.652,18.174],[97.72,18.037],[97.74,17.935],[97.699,17.834],[97.706,17.797],[97.729,17.776],[97.793,17.681],[97.929,17.533],[98.063,17.373],[98.175,17.24],[98.257,17.148],[98.439,16.976],[98.471,16.895],[98.478,16.732],[98.523,16.638],[98.565,16.571],[98.594,16.515],[98.661,16.33],[98.689,16.305],[98.835,16.418],[98.869,16.394],[98.888,16.352],[98.888,16.298],[98.866,16.237],[98.818,16.181],[98.592,16.051],[98.574,15.939],[98.558,15.769],[98.554,15.56],[98.565,15.404],[98.557,15.368],[98.537,15.351],[98.452,15.357],[98.329,15.279],[98.286,15.272],[98.232,15.241],[98.191,15.204],[98.178,15.147],[98.202,14.976],[98.246,14.815],[98.332,14.696],[98.4,14.603],[98.495,14.473],[98.57,14.36],[98.721,14.236],[98.934,14.05],[99.015,13.947],[99.086,13.823],[99.137,13.717],[99.156,13.576],[99.172,13.497],[99.176,13.233],[99.137,13.173],[99.107,13.104],[99.124,13.031],[99.174,12.961],[99.174,12.882],[99.22,12.74],[99.297,12.653],[99.372,12.594],[99.405,12.548],[99.394,12.474],[99.416,12.395],[99.432,12.309],[99.463,12.19],[99.523,12.09],[99.615,11.781],[99.612,11.75],[99.573,11.687],[99.515,11.631],[99.478,11.613],[99.443,11.554],[99.359,11.389],[99.19,11.105],[99.025,10.92],[98.887,10.788],[98.787,10.708],[98.757,10.661],[98.757,10.624],[98.775,10.557],[98.768,10.431],[98.747,10.351],[98.718,10.266],[98.703,10.19],[98.658,10.179],[98.563,10.035],[98.521,10.107],[98.497,10.183],[98.523,10.353],[98.465,10.676],[98.501,10.719],[98.536,10.741],[98.599,10.864],[98.676,10.987],[98.683,11.133],[98.745,11.24],[98.73,11.33],[98.733,11.435],[98.746,11.521],[98.741,11.592],[98.791,11.665],[98.876,11.72],[98.84,11.739],[98.805,11.779],[98.694,11.718],[98.636,11.738],[98.625,11.801],[98.639,11.869],[98.645,11.91],[98.689,11.957],[98.686,12.047],[98.664,12.127],[98.696,12.225],[98.631,12.225],[98.6,12.245],[98.619,12.3],[98.679,12.348],[98.624,12.441],[98.665,12.54],[98.663,12.662],[98.636,12.771],[98.637,12.848],[98.595,12.986],[98.576,13.162],[98.487,13.293],[98.421,13.484],[98.245,13.733],[98.248,13.84],[98.239,13.934],[98.2,13.98],[98.15,13.648],[98.111,13.713],[98.098,13.898],[98.073,13.986],[98.1,14.162],[97.998,14.335],[97.977,14.461],[97.91,14.653],[97.929,14.696],[98.019,14.653],[97.937,14.764],[97.869,14.739],[97.812,14.859],[97.8,15.185],[97.744,15.307],[97.774,15.431],[97.71,15.876],[97.584,16.02],[97.609,16.144],[97.641,16.254],[97.634,16.458],[97.665,16.52],[97.726,16.569],[97.668,16.552],[97.62,16.537],[97.505,16.525],[97.376,16.523],[97.331,16.672],[97.267,16.743],[97.212,16.893],[97.178,17.062],[97.2,17.095],[97.1,17.165],[97.075,17.207],[96.97,17.317],[96.851,17.401],[96.878,17.342],[96.91,17.305],[96.851,17.203],[96.909,17.031],[96.858,16.921],[96.811,16.778],[96.765,16.71],[96.622,16.564],[96.507,16.514],[96.431,16.505],[96.364,16.521],[96.282,16.596],[96.262,16.659],[96.249,16.765],[96.22,16.781],[96.189,16.768],[96.238,16.631],[96.237,16.567],[96.324,16.444],[96.293,16.41],[96.135,16.343],[96.081,16.353],[96.043,16.34],[96.032,16.285],[96.012,16.254],[95.763,16.169],[95.711,16.073],[95.679,15.977],[95.556,15.838],[95.39,15.723],[95.348,15.729],[95.301,15.756],[95.308,15.88],[95.365,15.985],[95.347,16.098],[95.333,16.033],[95.226,15.877],[95.177,15.826],[95.078,15.839],[94.943,15.818],[94.891,15.979],[94.892,16.038],[94.882,16.088],[94.898,16.141],[94.893,16.183],[94.86,16.102],[94.848,16.033],[94.798,15.971],[94.662,15.904],[94.656,15.989],[94.651,16.065],[94.681,16.133],[94.677,16.242],[94.72,16.399],[94.717,16.452],[94.703,16.512],[94.679,16.426],[94.665,16.336],[94.638,16.309],[94.588,16.289],[94.496,16.186],[94.442,16.094],[94.299,16.008],[94.224,16.016],[94.214,16.127],[94.271,16.517],[94.327,16.572],[94.353,16.64],[94.4,16.868],[94.452,16.954],[94.473,17.135],[94.494,17.167],[94.564,17.309],[94.589,17.569],[94.56,17.699],[94.494,17.825],[94.431,18.202],[94.266,18.507],[94.252,18.609],[94.171,18.732],[94.246,18.741],[94.091,18.849],[94.07,18.893],[94.039,19.146],[94.045,19.287],[94.022,19.269],[94.002,19.182],[93.941,19.146],[93.968,18.995],[93.961,18.958],[93.929,18.9],[93.8,18.961],[93.705,19.027],[93.598,19.188],[93.493,19.369],[93.531,19.398],[93.579,19.401],[93.728,19.267],[93.825,19.238],[93.886,19.272],[93.962,19.329],[93.998,19.441],[93.961,19.482],[93.888,19.504],[93.84,19.534],[93.77,19.61],[93.761,19.648],[93.74,19.697],[93.669,19.732],[93.612,19.776],[93.66,19.854],[93.707,19.912],[93.582,19.91],[93.439,20.009],[93.41,20.038],[93.362,20.058],[93.25,20.07],[93.157,20.041],[93.199,19.898],[93.191,19.851],[93.129,19.858],[93.002,20.075],[93.04,20.13],[93.096,20.181],[93.068,20.189],[93.015,20.185],[93.067,20.378],[93.035,20.406],[93.019,20.346],[92.991,20.288],[92.882,20.152],[92.828,20.178],[92.791,20.211],[92.844,20.283],[92.872,20.302],[92.891,20.34],[92.851,20.415],[92.787,20.469],[92.736,20.563],[92.709,20.564],[92.733,20.453],[92.723,20.296],[92.608,20.47],[92.378,20.718],[92.324,20.792],[92.312,20.864],[92.286,20.932],[92.268,21.005],[92.264,21.061],[92.215,21.113],[92.192,21.202],[92.18,21.293],[92.208,21.358],[92.28,21.428],[92.331,21.44],[92.373,21.409],[92.472,21.363],[92.539,21.32],[92.569,21.263],[92.6,21.27],[92.632,21.306],[92.625,21.351],[92.593,21.467],[92.584,21.609],[92.583,21.94],[92.575,21.978],[92.63,22.011],[92.653,22.049],[92.675,22.106],[92.689,22.131],[92.721,22.132],[92.771,22.105],[92.854,22.01],[92.909,21.989],[92.965,22.004],[93.022,22.146],[93.043,22.184],[93.071,22.209],[93.121,22.205],[93.151,22.231],[93.162,22.292],[93.162,22.36],[93.105,22.547],[93.088,22.633],[93.079,22.718],[93.114,22.806],[93.162,22.908],[93.151,22.997],[93.164,23.032],[93.204,23.037],[93.254,23.015],[93.308,23.03],[93.349,23.085],[93.366,23.133],[93.391,23.339],[93.408,23.528],[93.415,23.682],[93.373,23.774],[93.307,24.022],[93.326,24.064],[93.356,24.074],[93.452,23.987],[93.494,23.973],[93.564,23.986],[93.633,24.005],[93.683,24.007],[93.756,23.977],[93.855,23.944],[94.011,23.903],[94.075,23.872],[94.128,23.876],[94.17,23.973],[94.22,24.113],[94.293,24.322],[94.377,24.474],[94.399,24.514],[94.493,24.638],[94.584,24.767],[94.663,24.931],[94.708,25.049],[94.704,25.098],[94.675,25.139],[94.616,25.165],[94.567,25.192],[94.553,25.216],[94.554,25.243],[94.58,25.32],[94.623,25.41],[94.668,25.459],[94.786,25.519],[94.861,25.597],[94.946,25.7],[94.992,25.77],[95.015,25.913],[95.041,25.941],[95.093,25.987],[95.132,26.041],[95.129,26.07],[95.108,26.091],[95.069,26.191],[95.051,26.347],[95.06,26.474],[95.089,26.525],[95.129,26.597],[95.201,26.641],[95.305,26.672],[95.464,26.756],[95.738,26.95],[95.837,27.014],[95.905,27.047],[95.971,27.128],[96.061,27.217],[96.191,27.261],[96.274,27.278],[96.666,27.339],[96.732,27.331],[96.798,27.296],[96.88,27.178],[96.953,27.133],[97.038,27.102],[97.102,27.115],[97.104,27.163],[96.902,27.44],[96.884,27.515],[96.877,27.587],[96.9,27.644],[96.963,27.698],[97.05,27.76],[97.158,27.837],[97.226,27.89],[97.306,27.907],[97.335,27.938],[97.344,27.982],[97.339,28.031],[97.303,28.086],[97.31,28.155],[97.322,28.218],[97.356,28.254],[97.431,28.354],[97.478,28.426],[97.502,28.456],[97.538,28.51],[97.599,28.517],[97.659,28.5],[97.695,28.469],[97.73,28.407],[97.769,28.356],[97.817,28.356],[97.865,28.364],[97.888,28.356],[97.934,28.314],[98.022,28.212],[98.062,28.186],[98.099,28.142],[98.118,28.055],[98.13,27.968],[98.241,27.663],[98.274,27.599],[98.299,27.55],[98.35,27.538],[98.392,27.587],[98.409,27.639],[98.453,27.657],[98.504,27.648],[98.6,27.599],[98.651,27.572],[98.677,27.422],[98.682,27.245],[98.675,27.191],[98.717,27.045],[98.729,26.877],[98.738,26.786],[98.739,26.698],[98.732,26.583],[98.709,26.43],[98.672,26.299],[98.686,26.189],[98.663,26.139],[98.572,26.114],[98.564,26.072],[98.591,26.004],[98.655,25.918],[98.656,25.864],[98.625,25.827],[98.558,25.823],[98.466,25.789],[98.402,25.678],[98.334,25.587],[98.297,25.569],[98.173,25.595],[98.143,25.571],[98.1,25.416],[98.064,25.349],[98.011,25.293],[97.962,25.259],[97.918,25.236],[97.82,25.252],[97.767,25.158],[97.715,25.034],[97.711,24.97],[97.738,24.87],[97.724,24.842],[97.671,24.82],[97.583,24.775],[97.529,24.631],[97.531,24.492],[97.563,24.444],[97.624,24.423],[97.667,24.38],[97.671,24.313],[97.708,24.229],[97.691,24.131],[97.568,23.988],[97.565,23.911],[97.63,23.887],[97.686,23.898],[97.756,23.932],[97.838,23.986],[98.017,24.065],[98.213,24.111],[98.367,24.119],[98.499,24.116],[98.564,24.099],[98.583,24.07],[98.764,24.116],[98.802,24.119],[98.835,24.121],[98.834,24.091],[98.702,23.964],[98.677,23.905],[98.681,23.842],[98.735,23.783],[98.788,23.738],[98.832,23.624],[98.798,23.52],[98.82,23.483],[98.859,23.44],[98.883,23.38],[98.886,23.307],[98.864,23.191],[99.055,23.131],[99.22,23.103],[99.341,23.096],[99.418,23.069],[99.465,23.046],[99.497,23.005],[99.507,22.959],[99.467,22.927],[99.385,22.825],[99.338,22.689],[99.343,22.587],[99.338,22.498],[99.243,22.37],[99.205,22.283],[99.172,22.192],[99.173,22.153],[99.193,22.126],[99.233,22.11],[99.303,22.101],[99.389,22.111],[99.593,22.089],[99.825,22.05],[99.918,22.028],[99.948,21.988],[99.94,21.902],[99.926,21.821],[99.941,21.759],[99.978,21.702],[100.041,21.683],[100.096,21.661],[100.106,21.617],[100.089,21.558],[100.117,21.511],[100.148,21.481],[100.215,21.463],[100.351,21.501],[100.446,21.484],[100.531,21.458],[100.605,21.472],[100.677,21.505],[100.835,21.655],[101.019,21.736],[101.08,21.756],[101.121,21.746],[101.131,21.736],[101.128,21.705],[101.147,21.582],[101.139,21.567],[101.08,21.469],[100.928,21.366],[100.82,21.314],[100.757,21.313],[100.703,21.251],[100.659,21.13],[100.614,21.059],[100.567,21.038],[100.536,20.992],[100.522,20.922],[100.549,20.884],[100.618,20.879],[100.623,20.86],[100.565,20.825],[100.493,20.813],[100.407,20.823],[100.326,20.796],[100.249,20.73],[100.184,20.589],[100.13,20.372],[100.122,20.317]]],[[[98.21,10.953],[98.293,10.78],[98.284,10.753],[98.271,10.74],[98.252,10.744],[98.218,10.838],[98.155,10.898],[98.08,10.887],[98.143,10.963],[98.167,10.98],[98.21,10.953]]],[[[98.183,9.933],[98.134,9.875],[98.118,9.878],[98.14,9.975],[98.221,10.045],[98.292,10.051],[98.283,10.008],[98.231,9.954],[98.183,9.933]]],[[[98.222,11.478],[98.216,11.456],[98.209,11.457],[98.187,11.472],[98.201,11.567],[98.239,11.645],[98.278,11.758],[98.3,11.783],[98.308,11.723],[98.284,11.594],[98.263,11.524],[98.222,11.478]]],[[[98.516,11.905],[98.474,11.899],[98.454,12.061],[98.466,12.084],[98.525,12.005],[98.61,11.957],[98.576,11.925],[98.516,11.905]]],[[[98.554,11.745],[98.528,11.539],[98.465,11.567],[98.435,11.567],[98.397,11.684],[98.4,11.715],[98.376,11.792],[98.524,11.805],[98.554,11.745]]],[[[98.414,12.598],[98.436,12.571],[98.468,12.571],[98.459,12.474],[98.381,12.354],[98.334,12.336],[98.314,12.336],[98.331,12.511],[98.303,12.612],[98.312,12.678],[98.396,12.647],[98.414,12.598]]],[[[98.137,12.15],[98.125,12.145],[98.108,12.148],[98.075,12.164],[98.037,12.232],[98.057,12.28],[98.071,12.292],[98.105,12.288],[98.122,12.279],[98.128,12.261],[98.118,12.223],[98.12,12.191],[98.137,12.15]]],[[[94.477,15.946],[94.412,15.848],[94.388,15.994],[94.494,16.075],[94.546,16.153],[94.601,16.206],[94.619,16.141],[94.566,16.019],[94.477,15.946]]],[[[98.542,10.962],[98.519,10.959],[98.498,10.964],[98.477,10.98],[98.527,11.087],[98.542,10.962]]],[[[98.075,11.692],[98.084,11.637],[98.021,11.696],[98.01,11.86],[98.06,11.757],[98.081,11.733],[98.075,11.692]]],[[[98.066,12.39],[98.06,12.354],[98.002,12.279],[97.952,12.322],[97.939,12.346],[97.99,12.394],[98.045,12.387],[98.06,12.398],[98.066,12.39]]],[[[98.315,13.099],[98.309,12.935],[98.259,13.014],[98.251,13.104],[98.255,13.189],[98.265,13.202],[98.269,13.189],[98.299,13.152],[98.315,13.099]]],[[[94.805,15.819],[94.784,15.794],[94.743,15.812],[94.733,15.823],[94.828,15.933],[94.838,15.892],[94.805,15.819]]]]}},{"type":"Feature","properties":{"name":"Brunei"},"geometry":{"type":"MultiPolygon","coordinates":[[[[115.14,4.9],[115.168,4.867],[115.228,4.751],[115.267,4.634],[115.279,4.456],[115.327,4.381],[115.319,4.365],[115.291,4.353],[115.247,4.347],[115.171,4.364],[115.107,4.39],[115.052,4.583],[115.027,4.691],[115.029,4.821],[115.027,4.9],[115.14,4.9]]],[[[115.027,4.9],[114.945,4.856],[114.865,4.802],[114.784,4.755],[114.747,4.718],[114.76,4.667],[114.779,4.553],[114.79,4.464],[114.818,4.429],[114.84,4.393],[114.831,4.354],[114.783,4.281],[114.81,4.267],[114.776,4.169],[114.725,4.097],[114.654,4.038],[114.608,4.024],[114.572,4.049],[114.512,4.114],[114.447,4.204],[114.417,4.256],[114.323,4.263],[114.29,4.304],[114.288,4.355],[114.261,4.414],[114.224,4.478],[114.169,4.527],[114.095,4.565],[114.064,4.593],[114.178,4.591],[114.299,4.607],[114.424,4.66],[114.545,4.725],[114.646,4.798],[114.741,4.881],[114.841,4.946],[114.995,5.022],[115.048,5.016],[115.047,4.962],[115.027,4.9]]]]}}]}
